show tables;

create database food_delivery;

use food_delivery;

CREATE TABLE Customer (
    customer_id int not null AUTO_INCREMENT,
    phone_number varchar(50) not null UNIQUE,
    first_name varchar(50) not null,
    last_name varchar(50) not null,
    email varchar(100) not null UNIQUE,
    PRIMARY KEY (customer_id)
);


CREATE TABLE Restaurant (
    restaurant_id int PRIMARY KEY,
    restaurant_name varchar(50) not null,
    phone_number varchar(50) not null UNIQUE,
    avg_delivery_time int not null,
    street_address varchar(100) not null,
    city varchar(50) not null,
    state varchar(50) not null,
    zip int not null
);


CREATE TABLE Delivery_Person (
    driver_id int not null PRIMARY KEY,
    first_name varchar(50) not null,
    last_name varchar(50) not null,
    phone_number varchar(50) not null UNIQUE,
    email varchar(100) not null,
    street_address varchar(100) not null,
    city varchar(50) not null,
    state varchar(50) not null,
    zip int not null,
    mode_transportation varchar(50) not null
);


CREATE TABLE Delivery_Rating (
    driver_id int,
    customer_id int,
    delivery_id int,
    review text,
    delivery_time datetime default current_timestamp not null,
    score float not null,
    PRIMARY KEY(driver_id,customer_id,delivery_id),
    FOREIGN KEY (driver_id) REFERENCES Delivery_Person(driver_id) on delete cascade on update cascade,
    FOREIGN KEY(customer_id) REFERENCES Customer(customer_id) on delete cascade on update cascade
);


CREATE TABLE Screening (
    driver_id int,
    screening_id boolean not null,
    valid_gov_id boolean not null,
    convicted_felon boolean not null,
    above_18 boolean not null,
    SSN int not null,
    PRIMARY KEY(driver_id, screening_id),
    FOREIGN KEY (driver_id) REFERENCES Delivery_Person(driver_id) on delete cascade on update cascade
);




CREATE TABLE Delivery_Address (
    customer_id int,
    street_address varchar(100) not null,
    state varchar(50) not null,
    city varchar(50) not null,
    zip int not null,
    PRIMARY KEY(customer_id),
    FOREIGN KEY (customer_id) REFERENCES Customer(customer_id) on delete cascade on update cascade
);





CREATE TABLE Payment_Info (
    customer_id int,
    payment_id int,
    cc varchar(100) not null,
    zip varchar(50) not null,
    expiration varchar(12) not null,
    cvv int not null,
    PRIMARY KEY(customer_id, payment_id),
    FOREIGN KEY (customer_id) REFERENCES Customer(customer_id) on update cascade on delete cascade
);


CREATE TABLE Billing_Address (
    payment_id int,
    customer_id int,
    street_address varchar(100) not null,
    state varchar(50) not null,
    city varchar(50) not null,
    zip int not null,
    PRIMARY KEY(customer_id, payment_id),
    FOREIGN KEY (customer_id, payment_id) REFERENCES Payment_Info(customer_id, payment_id)  on delete cascade on update cascade
);




CREATE TABLE Order_Table (
    order_id int,
    customer_id int,
    restaurant_id int,
    driver_id int,
    order_total int not null,
    earnings float,
    time_placed datetime default current_timestamp not null,
    time_delivered datetime default current_timestamp,
    time_picked_up datetime default current_timestamp,
    PRIMARY KEY (order_id, customer_id, restaurant_id, driver_id),
    FOREIGN KEY (customer_id) REFERENCES Customer(customer_id) on update cascade on delete restrict ,
    FOREIGN KEY (restaurant_id) REFERENCES Restaurant(restaurant_id) on update cascade on delete restrict,
    FOREIGN KEY (driver_id) REFERENCES Delivery_Person(driver_id) on update cascade on delete restrict
);



CREATE TABLE Menu_Item (
    restaurant_id int,
    menu_item_id int,
    item_name varchar(50) not null,
    descrip text,
    price float not null,
    order_id int,
    PRIMARY KEY(restaurant_id, menu_item_id),
    FOREIGN KEY (restaurant_id) REFERENCES Restaurant(restaurant_id) on delete cascade on update cascade
);




CREATE TABLE Common_Allergens(
    restaurant_id int,
    menu_item_id int,
    allergen varchar(100),
    PRIMARY KEY(restaurant_id, menu_item_id),
    FOREIGN KEY (restaurant_id, menu_item_id) REFERENCES Menu_Item(restaurant_id, menu_item_id) on delete cascade on update cascade
);




CREATE TABLE Restaurant_Review (
    customer_id int,
    restaurant_id int,
    review_id int,
    score float not null,
    review text,
    review_date datetime default current_timestamp not null,
    PRIMARY KEY(customer_id, restaurant_id, review_id),
    FOREIGN KEY (customer_id) REFERENCES Customer(customer_id) on delete cascade on update cascade,
    FOREIGN KEY (restaurant_id) REFERENCES Restaurant(restaurant_id) on delete cascade on update cascade

);



CREATE TABLE MenuItem_Order (
    restaurant_id int,
    menu_item_id int,
    customer_id int,
    driver_id int,
    order_id int,
    PRIMARY KEY(restaurant_id, menu_item_id, customer_id, driver_id, order_id),
    FOREIGN KEY(order_id, customer_id, restaurant_id, driver_id) REFERENCES Order_Table(order_id, customer_id, restaurant_id, driver_id) on update cascade on delete cascade,
    FOREIGN KEY(restaurant_id, menu_item_id) REFERENCES Menu_Item(restaurant_id, menu_item_id) on update cascade on delete cascade
);

-- Customer
INSERT INTO Customer(customer_id,phone_number,first_name,last_name,email) VALUES
    (1,'583-299-8453','Doralia','Hyde','dhyde0@seattletimes.com')
    ,(2,'129-968-2446','Hi','Elvey','helvey1@samsung.com')
    ,(3,'765-914-7303','Waite','Markham','wmarkham2@nationalgeographic.com')
    ,(4,'810-327-8205','Lorette','Hughes','lhughes3@ft.com')
    ,(5,'598-744-1426','Rustie','Caffrey','rcaffrey4@feedburner.com')
    ,(6,'884-324-5088','Juieta','Bamber','jbamber5@phoca.cz')
    ,(7,'723-285-0144','Roddie','McVity','rmcvity6@bloglovin.com')
    ,(8,'504-286-7490','Patrice','Demangel','pdemangel7@jugem.jp')
    ,(9,'122-375-4286','Barbabas','Stratz','bstratz8@example.com')
    ,(10,'322-882-1288','Sheri','Norcop','snorcop9@flickr.com')
    ,(11,'497-609-4326','Brandie','Tatem','btatema@squidoo.com')
    ,(12,'899-522-6046','Camel','Franceschielli','cfranceschiellib@auda.org.au')
    ,(13,'129-408-6981','Berta','Taysbil','btaysbilc@wordpress.org')
    ,(14,'936-378-7972','Blaine','Seawell','bseawelld@tiny.cc')
    ,(15,'378-229-8461','Gussy','Gartell','ggartelle@uiuc.edu')
    ,(16,'729-444-5496','Austin','Baumaier','abaumaierf@php.net')
    ,(17,'169-672-3862','Alexi','Shotton','ashottong@multiply.com')
    ,(18,'125-117-9312','Cathrin','Bruneton','cbrunetonh@imdb.com')
    ,(19,'727-762-2904','Daisy','Jesper','djesperi@nymag.com')
    ,(20,'194-470-0836','Fidel','Bahl','fbahlj@g.co')
    ,(21,'442-282-2951','Gretta','Hammell','ghammellk@squidoo.com')
    ,(22,'268-259-8915','Mitchel','Quennell','mquennelll@plala.or.jp')
    ,(23,'364-899-2164','Joel','Cassin','jcassinm@woothemes.com')
    ,(24,'713-249-5136','Salvatore','Elgey','selgeyn@360.cn')
    ,(25,'655-263-6379','Manon','Dennitts','mdennittso@bluehost.com')
    ,(26,'519-357-3836','Janith','Cassells','jcassellsp@youtu.be')
    ,(27,'294-293-5305','Jarib','McCormick','jmccormickq@umn.edu')
    ,(28,'466-805-1777','Frederique','Walworth','fwalworthr@mapquest.com')
    ,(29,'847-152-1138','Vinny','Sigg','vsiggs@dmoz.org')
    ,(30,'606-538-6875','Kelsi','McConachie','kmcconachiet@digg.com')
    ,(31,'387-469-4403','Neale','Wiszniewski','nwiszniewskiu@hubpages.com')
    ,(32,'700-747-4991','Leopold','Riping','lripingv@google.it')
    ,(33,'311-671-5891','Juana','Rosina','jrosinaw@google.es')
    ,(34,'959-148-2479','Flinn','Allright','fallrightx@about.com')
    ,(35,'594-476-8097','Timothy','Belcham','tbelchamy@ycombinator.com')
    ,(36,'130-898-8374','Cindra','Balden','cbaldenz@zdnet.com')
    ,(37,'489-868-3870','Magdalena','Este','meste10@princeton.edu')
    ,(38,'482-243-5856','Nessi','Mabbutt','nmabbutt11@intel.com')
    ,(39,'767-943-0299','Vassili','Zorer','vzorer12@webeden.co.uk')
    ,(40,'534-321-0502','Garold','Hurdidge','ghurdidge13@stanford.edu')
    ,(41,'468-937-1032','Avis','Coward','acoward14@usgs.gov')
    ,(42,'295-365-8750','Andres','Carlisso','acarlisso15@yellowpages.com')
    ,(43,'229-907-9708','Quint','Ballinghall','qballinghall16@washington.edu')
    ,(44,'557-703-8247','Lorie','Kollatsch','lkollatsch17@cam.ac.uk')
    ,(45,'917-927-7134','Jacquelynn','Haberfield','jhaberfield18@unc.edu')
    ,(46,'626-874-1313','Trina','Sneezum','tsneezum19@amazon.com')
    ,(47,'857-599-0161','Cheryl','Pennings','cpennings1a@weebly.com')
    ,(48,'438-949-3751','Sterne','Drei','sdrei1b@deliciousdays.com')
    ,(49,'653-358-1983','Mylo','Braban','mbraban1c@soundcloud.com')
    ,(50,'356-368-5059','Irena','Massie','imassie1d@bigcartel.com')
    ,(51,'425-657-9560','Constantine','Ripley','cripley1e@engadget.com')
    ,(52,'953-513-7637','Karlen','Boorn','kboorn1f@networksolutions.com')
    ,(53,'254-794-9481','Joni','Molson','jmolson1g@independent.co.uk')
    ,(54,'798-570-9463','Clemence','Bonnor','cbonnor1h@washington.edu')
    ,(55,'483-837-1845','Ulick','Picton','upicton1i@histats.com')
    ,(56,'221-456-7216','Eddy','Toogood','etoogood1j@cocolog-nifty.com')
    ,(57,'513-682-9272','Boy','Lindenberg','blindenberg1k@admin.ch')
    ,(58,'274-699-7070','Millisent','Lethibridge','mlethibridge1l@dedecms.com')
    ,(59,'386-725-8429','Caresse','Tremlett','ctremlett1m@dot.gov')
    ,(60,'237-116-0572','Elayne','Kid','ekid1n@phpbb.com')
    ,(61,'930-825-1538','Des','Rivalland','drivalland1o@tinypic.com')
    ,(62,'549-431-3091','Keelby','Heinrich','kheinrich1p@sina.com.cn')
    ,(63,'683-893-0874','Ira','Abotson','iabotson1q@goo.ne.jp')
    ,(64,'806-581-7364','Christy','Darell','cdarell1r@spotify.com')
    ,(65,'511-381-7127','Drusy','Michel','dmichel1s@fema.gov')
    ,(66,'749-735-2704','Montgomery','Lilie','mlilie1t@symantec.com')
    ,(67,'224-666-3346','Kata','Ellerey','kellerey1u@mayoclinic.com')
    ,(68,'451-855-4156','Sue','Casarini','scasarini1v@google.ca')
    ,(69,'388-383-8584','Mercie','Moles','mmoles1w@buzzfeed.com')
    ,(70,'963-691-5232','Kittie','Korba','kkorba1x@usgs.gov')
    ,(71,'668-334-7253','Ramsey','Froude','rfroude1y@sciencedirect.com')
    ,(72,'291-626-5445','Nola','Dayley','ndayley1z@epa.gov')
    ,(73,'330-155-9001','Merv','Postlethwaite','mpostlethwaite20@scribd.com')
    ,(74,'194-801-8604','Ruddie','Kordas','rkordas21@discovery.com')
    ,(75,'114-885-3559','Ab','Brussell','abrussell22@edublogs.org')
    ,(76,'936-287-4248','Gavra','Bruinemann','gbruinemann23@reuters.com')
    ,(77,'470-410-6563','Perri','Stooke','pstooke24@xrea.com')
    ,(78,'252-627-8381','Padget','Leggs','pleggs25@vimeo.com')
    ,(79,'962-714-6268','Rosabella','Capon','rcapon26@cbsnews.com')
    ,(80,'232-261-2070','Ediva','Mcwhinney','emcwhinney27@cdbaby.com')
    ,(81,'185-545-3963','Jolynn','Martyns','jmartyns28@moonfruit.com')
    ,(82,'253-290-2371','Alano','Artingstall','aartingstall29@flickr.com')
    ,(83,'639-705-8880','Cam','Dunham','cdunham2a@cocolog-nifty.com')
    ,(84,'274-876-6967','Colene','Hamlet','chamlet2b@va.gov')
    ,(85,'263-771-4476','Ainslee','Creedland','acreedland2c@dedecms.com')
    ,(86,'838-339-8267','Pembroke','Kohrding','pkohrding2d@ovh.net')
    ,(87,'969-292-0804','Georgine','De Nisco','gdenisco2e@eventbrite.com')
    ,(88,'289-236-9774','Reinaldos','Kelleway','rkelleway2f@redcross.org')
    ,(89,'137-925-0842','Faina','Turfs','fturfs2g@google.co.uk')
    ,(90,'779-264-9966','Helenelizabeth','Collcutt','hcollcutt2h@usgs.gov')
    ,(91,'285-127-9182','Dix','Baudinet','dbaudinet2i@blog.com')
    ,(92,'284-868-0369','Chanda','Lewcock','clewcock2j@shareasale.com')
    ,(93,'390-121-8333','Eadie','Neligan','eneligan2k@squarespace.com')
    ,(94,'127-948-1778','Nerissa','Ayrs','nayrs2l@usatoday.com')
    ,(95,'642-359-8351','Hope','Forder','hforder2m@pen.io')
    ,(96,'838-954-6539','Correna','Loosemore','cloosemore2n@seesaa.net')
    ,(97,'573-402-0067','Trent','Barreau','tbarreau2o@fda.gov')
    ,(98,'609-630-8366','Vi','Pask','vpask2p@netlog.com')
    ,(99,'846-579-0881','Karoline','Hixley','khixley2q@over-blog.com')
    ,(100,'214-805-4859','Kamilah','Mincini','kmincini2r@ibm.com');

-- Delivery Person
INSERT INTO Delivery_Person(driver_id,first_name,last_name,phone_number,email,street_address,city,state,zip,mode_transportation) VALUES
    (1,'Wilmette','Pearne','319-487-0641','wpearne0@nasa.gov','5 Hollow Ridge Circle','Waterloo','Iowa',50706,3)
    ,(2,'Chris','Prise','918-985-7561','cprise1@dyndns.org','4121 Autumn Leaf Hill','Tulsa','Oklahoma',74126,2)
    ,(3,'Patti','Badcock','720-308-6302','pbadcock2@nasa.gov','317 Westend Place','Littleton','Colorado',80161,3)
    ,(4,'Geraldine','Goulthorp','202-515-1601','ggoulthorp3@yahoo.co.jp','4 Golf Street','Washington','District of Columbia',20268,2)
    ,(5,'Janeva','Bailes','334-440-9605','jbailes4@globo.com','4409 Granby Road','Montgomery','Alabama',36104,2)
    ,(6,'Floyd','Moggan','218-535-0696','fmoggan5@biglobe.ne.jp','2 Texas Pass','Minneapolis','Minnesota',55423,1)
    ,(7,'Tessy','Copcott','916-767-2504','tcopcott6@youku.com','41 Ramsey Circle','Sacramento','California',94230,1)
    ,(8,'Holden','Brunelli','212-729-8616','hbrunelli7@google.nl','8699 Longview Point','New York City','New York',10131,1)
    ,(9,'Joya','O''Cullen','206-299-2857','jocullen8@cisco.com','9 Mariners Cove Pass','Seattle','Washington',98127,2)
    ,(10,'Willey','Hartgill','315-284-6982','whartgill9@illinois.edu','61169 Harper Parkway','Syracuse','New York',13224,2)
    ,(11,'Ragnar','Westcarr','404-757-3834','rwestcarra@blogs.com','8 Buell Parkway','Marietta','Georgia',30066,3)
    ,(12,'Greta','Cassy','918-141-0497','gcassyb@ovh.net','03 Washington Lane','Tulsa','Oklahoma',74156,1)
    ,(13,'Rock','Aldiss','404-709-8920','raldissc@tripadvisor.com','3749 Crownhardt Street','Atlanta','Georgia',30351,1)
    ,(14,'Lindi','Highnam','682-270-7696','lhighnamd@last.fm','0 Parkside Court','Fort Worth','Texas',76178,2)
    ,(15,'Brooks','Placido','804-894-3410','bplacidoe@gizmodo.com','17 Main Drive','Richmond','Virginia',23220,1)
    ,(16,'Vikki','Coen','304-223-9497','vcoenf@ed.gov','811 Lien Junction','Charleston','West Virginia',25362,1)
    ,(17,'Grace','Cooney','612-476-9246','gcooneyg@google.cn','0393 Moland Court','Saint Paul','Minnesota',55108,1)
    ,(18,'Julia','Reasce','702-328-6019','jreasceh@spiegel.de','1 Fairview Way','Las Vegas','Nevada',89115,1)
    ,(19,'Jaclin','Melesk','970-473-2911','jmeleski@simplemachines.org','8 Reindahl Plaza','Fort Collins','Colorado',80525,1)
    ,(20,'Bertine','Goundry','216-612-3452','bgoundryj@bluehost.com','28232 Calypso Terrace','Cleveland','Ohio',44105,1);

-- Restaurant
INSERT INTO Restaurant(restaurant_id,restaurant_name,phone_number,avg_delivery_time,street_address,city,state,zip) VALUES
    (1,'Photolist','727-699-6467',31,'727 Dayton Road','Saint Petersburg','FL',33737)
    ,(2,'Kwinu','415-679-8521',75,'5 Trailsway Avenue','San Francisco','CA',94169)
    ,(3,'Shufflebeat','971-900-1145',20,'2372 Spenser Place','Portland','OR',97255)
    ,(4,'Demivee','901-712-9628',63,'18619 Saint Paul Trail','Memphis','TN',38168)
    ,(5,'Vimbo','512-345-5424',59,'4 Ludington Terrace','Austin','TX',78789)
    ,(6,'Fliptune','213-736-7772',21,'868 Ohio Crossing','Los Angeles','CA',90025)
    ,(7,'Skyndu','608-414-4597',59,'220 Anniversary Park','Madison','WI',53705)
    ,(8,'Skyble','847-971-6576',75,'29 Hintze Lane','Evanston','IL',60208)
    ,(9,'Twimm','989-829-7577',71,'5482 Rigney Court','Midland','MI',48670)
    ,(10,'Pixoboo','718-245-2004',21,'37232 Spohn Pass','Bronx','NY',10469)
    ,(11,'Quimm','214-998-4503',41,'203 Manitowish Drive','Dallas','TX',75265)
    ,(12,'Gabspot','760-952-2511',37,'85 Pearson Drive','San Bernardino','CA',92415)
    ,(13,'Feedfire','718-900-5048',33,'466 Florence Alley','Brooklyn','NY',11220)
    ,(14,'Skalith','775-326-3747',72,'198 Messerschmidt Street','Reno','NV',89595)
    ,(15,'Camido','727-191-0332',34,'31919 Heffernan Drive','Saint Petersburg','FL',33705)
    ,(16,'Realmix','623-584-9485',61,'44 Hoffman Lane','Phoenix','AZ',85020)
    ,(17,'Flipopia','614-645-2360',51,'81 Welch Street','Columbus','OH',43215)
    ,(18,'Izio','361-730-1580',67,'896 Division Avenue','Corpus Christi','TX',78426)
    ,(19,'Yotz','682-865-9027',15,'596 Nova Alley','Fort Worth','TX',76115)
    ,(20,'Yakitri','202-868-6799',56,'0 Macpherson Court','Washington','DC',20397);

-- Delivery Address
INSERT INTO Delivery_Address(customer_id,street_address,state,city,zip) VALUES
    (1,'1466 Wayridge Pass','California','San Bernardino',92415)
    ,(2,'3165 Center Drive','Minnesota','Rochester',55905)
    ,(3,'79775 Sycamore Trail','Washington','Olympia',98516)
    ,(4,'17 Orin Parkway','Utah','Ogden',84409)
    ,(5,'29 Mayfield Pass','California','Palo Alto',94302)
    ,(6,'40240 Graedel Park','Pennsylvania','Pittsburgh',15235)
    ,(7,'8 Village Court','New York','Utica',13505)
    ,(8,'7675 Lotheville Place','Idaho','Boise',83716)
    ,(9,'696 Prairieview Trail','Alabama','Birmingham',35285)
    ,(10,'63118 Goodland Court','Pennsylvania','Philadelphia',19178)
    ,(11,'4 Bultman Junction','Virginia','Richmond',23237)
    ,(12,'1912 Ridgeview Trail','Texas','San Antonio',78296)
    ,(13,'2549 Monterey Street','South Carolina','Columbia',29215)
    ,(14,'5390 Paget Court','Texas','Fort Worth',76134)
    ,(15,'1973 Westend Parkway','Louisiana','Lake Charles',70616)
    ,(16,'322 Grim Crossing','North Carolina','Raleigh',27605)
    ,(17,'62 Farmco Point','Florida','Fort Lauderdale',33320)
    ,(18,'565 Mcguire Pass','California','Sacramento',94230)
    ,(19,'38426 Mayfield Circle','Florida','Homestead',33034)
    ,(20,'97152 Eastwood Drive','Arkansas','Little Rock',72204)
    ,(21,'7833 Kenwood Alley','Alabama','Mobile',36628)
    ,(22,'66 Moland Street','Virginia','Alexandria',22313)
    ,(23,'6495 Ruskin Crossing','California','Long Beach',90810)
    ,(24,'7 Homewood Junction','Idaho','Boise',83732)
    ,(25,'96 Fulton Park','North Carolina','Asheville',28815)
    ,(26,'720 Gale Parkway','Kansas','Topeka',66699)
    ,(27,'61296 Rusk Junction','New York','Syracuse',13205)
    ,(28,'313 Talmadge Drive','Washington','Seattle',98140)
    ,(29,'70 Arizona Terrace','Delaware','Newark',19725)
    ,(30,'36 Crownhardt Center','Kentucky','London',40745)
    ,(31,'7515 Lake View Road','Maryland','Silver Spring',20910)
    ,(32,'80192 Welch Trail','District of Columbia','Washington',20420)
    ,(33,'52 Ronald Regan Drive','Oklahoma','Oklahoma City',73167)
    ,(34,'495 Starling Court','Virginia','Richmond',23203)
    ,(35,'48283 Darwin Circle','Nevada','Las Vegas',89130)
    ,(36,'48668 Graedel Hill','Washington','Seattle',98166)
    ,(37,'3793 Marcy Road','Ohio','Dayton',45403)
    ,(38,'63 Carpenter Plaza','Massachusetts','Boston',02283)
    ,(39,'53 Pine View Court','Texas','Dallas',75246)
    ,(40,'96 Maryland Plaza','Missouri','Kansas City',64125)
    ,(41,'7925 Carberry Court','Colorado','Colorado Springs',80945)
    ,(42,'51034 Schlimgen Avenue','Minnesota','Maple Plain',55572)
    ,(43,'45998 Commercial Plaza','California','Long Beach',90831)
    ,(44,'5 Brentwood Drive','Ohio','Akron',44305)
    ,(45,'727 Sage Plaza','Florida','Hollywood',33028)
    ,(46,'5946 Dapin Trail','Pennsylvania','Lancaster',17622)
    ,(47,'187 Ridgeway Center','New Jersey','Paterson',07522)
    ,(48,'2260 Dennis Trail','Texas','Houston',77206)
    ,(49,'00 Sullivan Circle','California','Long Beach',90840)
    ,(50,'2658 Fuller Junction','Minnesota','Minneapolis',55412)
    ,(51,'7 Petterle Point','Colorado','Denver',80249)
    ,(52,'6451 Main Avenue','Oklahoma','Oklahoma City',73109)
    ,(53,'5 Arizona Street','Iowa','Des Moines',50369)
    ,(54,'6695 Ohio Plaza','Idaho','Boise',83722)
    ,(55,'7430 Kim Parkway','Maryland','Baltimore',21211)
    ,(56,'74 Dixon Drive','New York','Buffalo',14215)
    ,(57,'47169 Prairieview Center','Nebraska','Omaha',68124)
    ,(58,'62349 Dunning Trail','North Carolina','Charlotte',28220)
    ,(59,'7 Petterle Junction','Washington','Seattle',98175)
    ,(60,'48734 Dorton Avenue','Florida','Orlando',32868)
    ,(61,'8 Thierer Way','Alaska','Juneau',99812)
    ,(62,'2 Haas Hill','Florida','Pompano Beach',33064)
    ,(63,'24 Rieder Park','Washington','Everett',98206)
    ,(64,'04 Oneill Street','Florida','Zephyrhills',33543)
    ,(65,'18445 2nd Alley','Illinois','Chicago',60686)
    ,(66,'07094 Homewood Street','Texas','El Paso',79905)
    ,(67,'52 Bay Circle','Washington','Spokane',99215)
    ,(68,'89961 7th Hill','District of Columbia','Washington',20205)
    ,(69,'8 Toban Drive','District of Columbia','Washington',20215)
    ,(70,'93878 Tony Center','Washington','Bellevue',98008)
    ,(71,'8187 Scoville Plaza','California','San Diego',92191)
    ,(72,'515 Cordelia Pass','Michigan','Lansing',48956)
    ,(73,'45 Dennis Alley','Texas','El Paso',79994)
    ,(74,'338 Caliangt Lane','Texas','Amarillo',79165)
    ,(75,'88 Moulton Junction','California','San Diego',92145)
    ,(76,'6920 Meadow Vale Avenue','Idaho','Boise',83705)
    ,(77,'7 Hazelcrest Hill','Louisiana','New Orleans',70174)
    ,(78,'73 Commercial Street','West Virginia','Charleston',25331)
    ,(79,'1 La Follette Place','New York','Bronx',10469)
    ,(80,'2947 Dahle Place','Massachusetts','Waltham',02453)
    ,(81,'4871 Hooker Place','Oregon','Beaverton',97075)
    ,(82,'0163 Annamark Trail','Virginia','Virginia Beach',23459)
    ,(83,'1 Lakewood Road','Iowa','Des Moines',50936)
    ,(84,'416 Trailsway Junction','Mississippi','Meridian',39305)
    ,(85,'57 Dottie Alley','Virginia','Roanoke',24014)
    ,(86,'016 South Way','Georgia','Macon',31217)
    ,(87,'892 Blackbird Terrace','Michigan','Grand Rapids',49518)
    ,(88,'184 Milwaukee Parkway','Washington','Seattle',98104)
    ,(89,'51 Doe Crossing Circle','Michigan','Midland',48670)
    ,(90,'6 Morningstar Road','Connecticut','New Haven',06533)
    ,(91,'604 Bunker Hill Junction','Missouri','Kansas City',64153)
    ,(92,'9 Spaight Junction','North Carolina','Durham',27717)
    ,(93,'30827 Hazelcrest Crossing','District of Columbia','Washington',20525)
    ,(94,'56 Weeping Birch Drive','California','San Rafael',94913)
    ,(95,'9543 Pepper Wood Terrace','New Hampshire','Manchester',03105)
    ,(96,'2 Mesta Avenue','South Carolina','Charleston',29411)
    ,(97,'80 Maple Point','Louisiana','New Orleans',70183)
    ,(98,'18 Orin Pass','Texas','Houston',77245)
    ,(99,'39147 Graedel Pass','Washington','Seattle',98148)
    ,(100,'4461 Anthes Junction','California','Van Nuys',91411);

-- Delivery Rating
INSERT INTO Delivery_Rating(delivery_id,driver_id,customer_id,review,delivery_time,score) VALUES
    (1,17,97,NULL,'2022-06-28 07:28:24',4)
    ,(2,11,23,NULL,'2023-01-29 07:09:24',4)
    ,(3,16,22,NULL,'2022-11-05 06:58:45',1)
    ,(4,14,79,NULL,'2023-03-15 07:34:21',5)
    ,(5,3,53,NULL,'2022-08-24 14:00:40',1)
    ,(6,14,38,NULL,'2022-09-10 02:48:01',4)
    ,(7,10,85,'Proin leo odio, porttitor id, consequat in, consequat ut, nulla. Sed accumsan felis. Ut at dolor quis odio consequat varius.','2023-04-04 10:57:02',1)
    ,(8,20,25,NULL,'2022-12-22 22:11:09',3)
    ,(9,11,74,'Praesent blandit. Nam nulla. Integer pede justo, lacinia eget, tincidunt eget, tempus vel, pede.','2022-10-29 00:20:06',3)
    ,(10,19,64,'Cras mi pede, malesuada in, imperdiet et, commodo vulputate, justo. In blandit ultrices enim. Lorem ipsum dolor sit amet, consectetuer adipiscing elit.','2023-03-06 10:16:05',2)
    ,(11,11,78,NULL,'2022-08-25 10:55:15',3)
    ,(12,18,25,'Maecenas ut massa quis augue luctus tincidunt. Nulla mollis molestie lorem. Quisque ut erat.','2022-06-08 03:38:40',4)
    ,(13,10,64,'Curabitur gravida nisi at nibh. In hac habitasse platea dictumst. Aliquam augue quam, sollicitudin vitae, consectetuer eget, rutrum at, lorem.','2022-11-12 17:18:18',1)
    ,(14,7,10,'Duis consequat dui nec nisi volutpat eleifend. Donec ut dolor. Morbi vel lectus in quam fringilla rhoncus.','2022-06-28 06:44:12',2)
    ,(15,15,100,'Proin leo odio, porttitor id, consequat in, consequat ut, nulla. Sed accumsan felis. Ut at dolor quis odio consequat varius.','2022-08-12 03:10:08',3)
    ,(16,15,73,NULL,'2022-09-08 11:06:02',2)
    ,(17,10,61,NULL,'2022-08-06 22:30:50',3)
    ,(18,6,50,'Lorem ipsum dolor sit amet, consectetuer adipiscing elit. Proin risus. Praesent lectus.','2022-06-01 13:19:03',4)
    ,(19,8,37,NULL,'2022-06-01 01:43:08',1)
    ,(20,4,18,'Duis bibendum, felis sed interdum venenatis, turpis enim blandit mi, in porttitor pede justo eu massa. Donec dapibus. Duis at velit eu est congue elementum.','2022-07-30 23:59:02',3)
    ,(21,19,25,NULL,'2022-12-18 22:08:28',4)
    ,(22,17,9,NULL,'2022-11-07 20:48:21',5)
    ,(23,2,33,NULL,'2023-03-05 11:15:00',1)
    ,(24,6,90,'Morbi porttitor lorem id ligula. Suspendisse ornare consequat lectus. In est risus, auctor sed, tristique in, tempus sit amet, sem.','2022-08-16 08:33:55',5)
    ,(25,16,16,NULL,'2023-03-12 02:34:40',2)
    ,(26,10,97,NULL,'2023-03-28 11:57:05',3)
    ,(27,9,58,NULL,'2022-12-18 11:38:34',4)
    ,(28,7,28,NULL,'2022-08-23 12:28:17',4)
    ,(29,5,95,'Proin eu mi. Nulla ac enim. In tempor, turpis nec euismod scelerisque, quam turpis adipiscing lorem, vitae mattis nibh ligula nec sem.','2022-07-04 20:40:22',5)
    ,(30,17,39,NULL,'2022-11-08 06:37:43',3)
    ,(31,17,37,'Praesent id massa id nisl venenatis lacinia. Aenean sit amet justo. Morbi ut odio.','2023-01-26 10:26:04',3)
    ,(32,13,34,NULL,'2022-12-28 08:48:04',1)
    ,(33,10,2,NULL,'2022-11-03 09:00:23',2)
    ,(34,2,90,NULL,'2023-02-11 10:50:57',1)
    ,(35,20,100,'Morbi porttitor lorem id ligula. Suspendisse ornare consequat lectus. In est risus, auctor sed, tristique in, tempus sit amet, sem.','2022-06-08 05:19:44',5)
    ,(36,18,92,NULL,'2022-06-11 20:37:45',1)
    ,(37,19,52,NULL,'2022-12-07 06:34:17',5)
    ,(38,2,64,'Morbi porttitor lorem id ligula. Suspendisse ornare consequat lectus. In est risus, auctor sed, tristique in, tempus sit amet, sem.','2022-07-09 18:43:30',1)
    ,(39,17,2,NULL,'2022-12-31 07:33:27',5)
    ,(40,16,31,'Quisque porta volutpat erat. Quisque erat eros, viverra eget, congue eget, semper rutrum, nulla. Nunc purus.','2022-09-09 21:06:12',2)
    ,(41,1,70,NULL,'2022-06-25 00:40:32',1)
    ,(42,5,91,NULL,'2022-11-28 12:33:45',2)
    ,(43,17,58,'Quisque id justo sit amet sapien dignissim vestibulum. Vestibulum ante ipsum primis in faucibus orci luctus et ultrices posuere cubilia Curae; Nulla dapibus dolor vel est. Donec odio justo, sollicitudin ut, suscipit a, feugiat et, eros.','2023-01-09 16:48:25',5)
    ,(44,11,29,NULL,'2022-12-16 02:40:03',4)
    ,(45,7,75,NULL,'2022-11-09 15:19:40',5)
    ,(46,8,55,'Aliquam quis turpis eget elit sodales scelerisque. Mauris sit amet eros. Suspendisse accumsan tortor quis turpis.','2022-12-18 06:36:54',2)
    ,(47,11,89,NULL,'2023-02-20 23:45:19',5)
    ,(48,18,12,NULL,'2023-03-24 18:54:32',2)
    ,(49,15,72,'Curabitur in libero ut massa volutpat convallis. Morbi odio odio, elementum eu, interdum eu, tincidunt in, leo. Maecenas pulvinar lobortis est.','2022-09-29 08:16:43',2)
    ,(50,12,68,'In hac habitasse platea dictumst. Etiam faucibus cursus urna. Ut tellus.','2023-04-03 13:11:46',4)
    ,(51,17,97,NULL,'2022-09-23 05:15:23',3)
    ,(52,20,34,'Aliquam quis turpis eget elit sodales scelerisque. Mauris sit amet eros. Suspendisse accumsan tortor quis turpis.','2022-10-07 16:02:57',5)
    ,(53,1,14,NULL,'2023-03-01 04:54:51',1)
    ,(54,4,30,'Aliquam quis turpis eget elit sodales scelerisque. Mauris sit amet eros. Suspendisse accumsan tortor quis turpis.','2023-02-18 21:14:49',5)
    ,(55,8,100,NULL,'2023-03-28 18:41:29',3)
    ,(56,7,80,'Nam ultrices, libero non mattis pulvinar, nulla pede ullamcorper augue, a suscipit nulla elit ac nulla. Sed vel enim sit amet nunc viverra dapibus. Nulla suscipit ligula in lacus.','2022-11-20 14:45:43',4)
    ,(57,20,14,NULL,'2022-08-27 20:04:43',4)
    ,(58,3,40,NULL,'2022-11-29 15:39:30',1)
    ,(59,16,90,'Proin eu mi. Nulla ac enim. In tempor, turpis nec euismod scelerisque, quam turpis adipiscing lorem, vitae mattis nibh ligula nec sem.','2022-06-20 13:43:32',5)
    ,(60,1,53,NULL,'2023-04-03 04:24:14',2)
    ,(61,10,98,NULL,'2023-02-05 23:14:43',5)
    ,(62,15,76,'Morbi non lectus. Aliquam sit amet diam in magna bibendum imperdiet. Nullam orci pede, venenatis non, sodales sed, tincidunt eu, felis.','2022-11-03 16:26:42',2)
    ,(63,6,44,'Praesent blandit. Nam nulla. Integer pede justo, lacinia eget, tincidunt eget, tempus vel, pede.','2023-03-26 15:09:09',2)
    ,(64,13,96,'Lorem ipsum dolor sit amet, consectetuer adipiscing elit. Proin risus. Praesent lectus.','2022-06-01 23:32:41',3)
    ,(65,8,24,'Vestibulum quam sapien, varius ut, blandit non, interdum in, ante. Vestibulum ante ipsum primis in faucibus orci luctus et ultrices posuere cubilia Curae; Duis faucibus accumsan odio. Curabitur convallis.','2022-07-17 13:37:30',1)
    ,(66,11,31,'Sed ante. Vivamus tortor. Duis mattis egestas metus.','2022-10-08 14:23:44',4)
    ,(67,1,99,'Duis aliquam convallis nunc. Proin at turpis a pede posuere nonummy. Integer non velit.','2022-06-21 01:13:14',4)
    ,(68,10,32,NULL,'2022-09-23 05:40:02',1)
    ,(69,4,39,NULL,'2023-03-05 21:46:37',2)
    ,(70,17,54,'Integer tincidunt ante vel ipsum. Praesent blandit lacinia erat. Vestibulum sed magna at nunc commodo placerat.','2022-12-23 04:28:54',4)
    ,(71,9,53,NULL,'2022-09-05 16:17:42',1)
    ,(72,2,87,'In sagittis dui vel nisl. Duis ac nibh. Fusce lacus purus, aliquet at, feugiat non, pretium quis, lectus.','2022-10-25 03:03:25',3)
    ,(73,13,3,NULL,'2022-06-17 16:06:25',3)
    ,(74,4,52,NULL,'2023-03-06 22:29:21',4)
    ,(75,10,28,NULL,'2023-02-08 05:46:55',4)
    ,(76,4,60,NULL,'2022-09-10 14:26:23',3)
    ,(77,12,55,'Mauris enim leo, rhoncus sed, vestibulum sit amet, cursus id, turpis. Integer aliquet, massa id lobortis convallis, tortor risus dapibus augue, vel accumsan tellus nisi eu orci. Mauris lacinia sapien quis libero.','2022-12-30 19:13:36',5)
    ,(78,6,28,NULL,'2023-02-04 18:57:35',1)
    ,(79,19,75,'In hac habitasse platea dictumst. Etiam faucibus cursus urna. Ut tellus.','2022-09-03 10:20:47',5)
    ,(80,17,73,'Pellentesque at nulla. Suspendisse potenti. Cras in purus eu magna vulputate luctus.','2022-11-24 02:41:46',2)
    ,(81,16,35,NULL,'2022-12-24 09:13:53',2)
    ,(82,2,68,'Nullam porttitor lacus at turpis. Donec posuere metus vitae ipsum. Aliquam non mauris.','2023-03-04 18:53:40',5)
    ,(83,11,57,NULL,'2022-12-05 17:00:24',4)
    ,(84,1,78,'In hac habitasse platea dictumst. Morbi vestibulum, velit id pretium iaculis, diam erat fermentum justo, nec condimentum neque sapien placerat ante. Nulla justo.','2022-10-28 14:40:12',2)
    ,(85,10,23,NULL,'2022-09-22 11:16:07',4)
    ,(86,7,84,NULL,'2023-01-20 23:48:59',3)
    ,(87,20,57,NULL,'2023-01-31 11:09:29',4)
    ,(88,19,6,'Cum sociis natoque penatibus et magnis dis parturient montes, nascetur ridiculus mus. Vivamus vestibulum sagittis sapien. Cum sociis natoque penatibus et magnis dis parturient montes, nascetur ridiculus mus.','2023-02-20 22:33:56',5)
    ,(89,11,44,NULL,'2022-09-12 03:59:19',5)
    ,(90,4,13,NULL,'2023-01-29 07:31:53',5)
    ,(91,10,81,'Morbi non lectus. Aliquam sit amet diam in magna bibendum imperdiet. Nullam orci pede, venenatis non, sodales sed, tincidunt eu, felis.','2023-01-28 19:35:13',2)
    ,(92,15,32,NULL,'2022-08-30 00:47:17',2)
    ,(93,11,92,NULL,'2022-08-26 16:46:37',3)
    ,(94,13,35,'Curabitur in libero ut massa volutpat convallis. Morbi odio odio, elementum eu, interdum eu, tincidunt in, leo. Maecenas pulvinar lobortis est.','2022-08-06 03:57:02',4)
    ,(95,18,30,NULL,'2022-10-26 08:35:31',2)
    ,(96,16,69,'Duis aliquam convallis nunc. Proin at turpis a pede posuere nonummy. Integer non velit.','2022-08-15 20:36:16',1)
    ,(97,13,42,NULL,'2023-01-18 23:04:42',4)
    ,(98,11,100,NULL,'2022-12-13 01:49:11',2)
    ,(99,2,10,'Quisque id justo sit amet sapien dignissim vestibulum. Vestibulum ante ipsum primis in faucibus orci luctus et ultrices posuere cubilia Curae; Nulla dapibus dolor vel est. Donec odio justo, sollicitudin ut, suscipit a, feugiat et, eros.','2022-07-27 21:16:19',2)
    ,(100,18,62,'Duis bibendum. Morbi non quam nec dui luctus rutrum. Nulla tellus.','2022-07-29 09:22:39',2);

-- Order Table
INSERT INTO Order_Table(order_id,customer_id,restaurant_id,driver_id,order_total,earnings,time_placed,time_delivered,time_picked_up) VALUES
    (1,45,14,6,52,50,'2022-11-18 11:25:31','2023-03-03 15:39:27','2022-06-21 00:56:48')
    ,(2,62,17,10,74,33,'2022-11-30 15:07:18','2023-01-11 12:14:47','2023-03-03 00:03:50')
    ,(3,32,19,2,70,65,'2022-06-26 20:24:39','2023-01-24 05:53:08','2022-07-30 04:01:39')
    ,(4,47,1,16,77,61,'2023-01-30 23:05:04','2022-11-30 18:29:03','2022-08-26 13:12:17')
    ,(5,97,5,17,75,48,'2022-09-06 20:49:33','2022-11-29 07:45:04','2022-11-22 13:40:50')
    ,(6,4,20,9,52,50,'2023-04-13 06:39:09','2023-01-12 11:28:18','2023-01-12 15:05:11')
    ,(7,65,2,14,43,5,'2022-11-08 18:54:37','2023-03-14 16:30:05','2022-07-11 09:52:51')
    ,(8,100,3,3,3,67,'2022-10-10 11:05:27','2023-02-28 00:50:15','2022-12-26 23:54:03')
    ,(9,86,15,1,97,22,'2022-08-05 12:39:13','2022-07-29 15:22:50','2023-01-17 22:04:24')
    ,(10,61,9,19,90,18,'2022-06-01 16:37:19','2022-12-17 11:39:19','2022-10-12 16:10:51')
    ,(11,12,10,5,37,14,'2022-12-12 23:46:32','2023-02-26 04:35:53','2023-01-24 15:45:52')
    ,(12,17,13,13,15,26,'2022-07-22 20:57:03','2023-01-03 16:59:33','2022-11-03 09:19:54')
    ,(13,76,6,4,25,59,'2022-08-17 09:56:45','2023-04-04 01:18:48','2022-09-19 01:54:52')
    ,(14,54,16,11,57,49,'2022-09-07 13:19:30','2023-03-22 01:03:59','2022-06-15 07:34:44')
    ,(15,94,7,7,51,40,'2022-06-19 07:21:54','2023-01-09 00:50:14','2022-09-02 08:22:39')
    ,(16,32,9,10,52,94,'2023-03-07 03:59:09','2022-11-11 23:38:59','2023-03-19 12:49:49')
    ,(17,72,4,1,57,92,'2023-01-03 08:19:49','2022-07-27 12:57:40','2022-12-13 07:12:46')
    ,(18,63,8,14,90,19,'2022-10-07 02:58:55','2022-09-09 10:44:27','2023-03-11 13:15:56')
    ,(19,85,19,15,23,32,'2022-06-02 08:30:42','2022-10-03 16:19:52','2022-07-23 06:57:22')
    ,(20,60,15,18,92,71,'2022-12-01 14:32:00','2023-04-06 22:41:01','2023-03-20 16:22:35')
    ,(21,62,3,4,12,88,'2022-06-09 15:31:01','2023-01-21 21:54:04','2023-02-17 02:25:56')
    ,(22,51,10,17,45,60,'2023-03-05 20:55:25','2023-03-24 22:09:10','2023-03-30 13:52:47')
    ,(23,59,2,8,43,65,'2022-11-27 16:57:20','2022-10-12 11:40:00','2022-07-18 17:34:58')
    ,(24,33,17,12,78,81,'2022-11-21 13:51:04','2022-07-03 02:45:09','2022-07-04 09:08:13')
    ,(25,94,6,2,19,61,'2022-12-18 00:02:32','2022-10-06 01:30:41','2023-01-25 02:20:35')
    ,(26,70,1,5,47,42,'2022-11-15 15:44:45','2023-01-18 17:57:26','2022-12-28 03:56:31')
    ,(27,40,16,19,33,73,'2022-07-21 18:57:17','2022-09-30 07:13:21','2022-07-04 13:45:37')
    ,(28,87,11,9,27,1,'2022-12-09 21:55:29','2023-02-21 05:09:11','2022-11-21 17:12:32')
    ,(29,14,5,20,67,28,'2023-02-12 17:29:52','2022-08-19 18:01:35','2023-03-25 01:02:16')
    ,(30,57,7,6,94,82,'2022-06-24 19:06:16','2022-11-08 03:05:53','2023-02-25 04:13:22')
    ,(31,11,5,14,20,10,'2022-06-27 12:09:55','2022-06-29 23:19:28','2022-06-06 00:13:34')
    ,(32,23,20,15,81,84,'2022-10-14 13:37:42','2023-04-12 07:21:33','2022-12-17 12:44:12')
    ,(33,80,2,16,85,57,'2022-11-15 15:43:15','2022-06-18 08:34:18','2023-04-12 06:18:41')
    ,(34,81,8,13,72,93,'2022-06-20 13:10:28','2023-03-01 08:49:45','2022-08-29 06:51:00')
    ,(35,62,18,18,25,81,'2022-07-17 15:13:22','2023-02-14 17:32:16','2023-01-13 04:07:57')
    ,(36,95,12,12,11,94,'2023-01-24 02:57:31','2023-02-08 07:54:19','2022-06-29 02:21:51')
    ,(37,69,9,6,67,57,'2023-03-11 12:04:34','2023-01-16 03:39:53','2023-03-28 17:16:48')
    ,(38,85,7,1,58,94,'2022-11-01 18:20:27','2022-06-06 20:18:52','2022-11-14 16:52:51')
    ,(39,30,17,20,54,30,'2022-06-08 20:47:08','2023-02-25 06:39:23','2023-01-02 01:08:53')
    ,(40,65,3,11,79,95,'2022-06-19 19:23:57','2022-10-29 10:53:27','2022-06-11 12:28:09')
    ,(41,56,11,4,100,36,'2022-08-08 02:00:22','2022-08-21 08:42:45','2023-03-22 04:33:39')
    ,(42,22,14,19,62,88,'2022-06-17 21:41:53','2023-01-28 18:25:38','2022-07-27 09:59:46')
    ,(43,87,6,17,90,9,'2023-02-25 08:43:17','2023-01-19 14:34:43','2022-11-22 10:36:49')
    ,(44,33,15,10,41,54,'2023-03-10 11:08:35','2022-06-05 05:56:27','2022-07-09 00:34:59')
    ,(45,76,19,3,43,66,'2023-04-14 23:59:01','2023-04-13 14:01:07','2023-01-27 13:13:46')
    ,(46,69,16,1,75,78,'2023-03-21 01:06:28','2022-07-29 03:10:27','2022-09-10 20:28:29')
    ,(47,12,14,9,21,50,'2023-02-07 01:29:55','2022-09-12 12:39:58','2023-02-20 11:48:25')
    ,(48,72,9,14,100,69,'2022-06-26 19:00:16','2022-06-04 09:06:01','2023-03-25 13:03:21')
    ,(49,80,8,19,38,30,'2022-06-30 09:34:14','2022-10-16 20:41:18','2022-06-15 11:07:50')
    ,(50,15,4,17,43,56,'2022-06-01 22:55:55','2022-12-31 21:09:01','2022-09-08 06:00:35')
    ,(51,73,5,11,2,73,'2023-03-03 12:04:16','2023-01-10 21:47:00','2022-09-04 19:39:51')
    ,(52,50,12,4,43,4,'2023-01-01 20:01:47','2022-12-04 16:00:07','2022-06-01 19:32:33')
    ,(53,48,11,15,19,89,'2023-03-04 03:57:51','2022-06-18 14:01:52','2022-06-25 10:55:15')
    ,(54,4,6,16,91,82,'2022-08-23 14:50:32','2023-01-01 00:07:24','2023-04-13 10:43:13')
    ,(55,78,19,10,81,76,'2023-02-27 11:17:18','2022-09-10 16:43:57','2022-12-17 06:29:48')
    ,(56,20,1,5,64,88,'2022-07-11 03:00:05','2022-06-22 23:57:26','2022-12-19 20:11:48')
    ,(57,58,7,3,15,38,'2022-10-27 21:55:37','2022-11-20 18:11:43','2022-09-02 13:23:43')
    ,(58,30,2,13,25,68,'2022-06-30 03:30:22','2022-06-13 15:34:22','2023-03-15 07:53:51')
    ,(59,7,3,2,76,40,'2023-01-16 06:51:34','2022-07-08 08:38:39','2023-02-16 03:06:02')
    ,(60,9,17,7,16,81,'2023-02-16 16:47:04','2022-09-13 21:04:18','2023-04-02 01:08:14')
    ,(61,19,16,17,18,82,'2022-07-10 01:59:26','2022-07-18 13:59:53','2022-06-06 11:44:51')
    ,(62,88,8,7,64,18,'2022-08-16 12:28:04','2022-10-07 13:42:48','2023-02-16 19:55:41')
    ,(63,59,19,16,71,8,'2022-10-28 10:21:50','2022-09-09 14:19:24','2022-11-03 04:40:26')
    ,(64,95,1,12,56,56,'2023-02-22 10:14:13','2022-07-31 01:30:17','2022-12-12 10:37:45')
    ,(65,89,12,2,86,45,'2023-01-09 16:21:37','2023-01-19 10:07:49','2022-12-14 23:42:16')
    ,(66,62,4,6,30,3,'2023-02-03 10:41:21','2022-09-05 10:05:04','2022-12-28 14:36:22')
    ,(67,27,7,14,45,64,'2023-01-12 13:22:01','2022-10-15 22:58:07','2022-10-23 06:33:57')
    ,(68,40,14,18,85,28,'2022-10-17 10:08:48','2023-03-06 12:58:07','2022-09-10 06:43:06')
    ,(69,86,3,5,26,68,'2022-12-20 08:52:33','2022-12-24 17:09:01','2022-11-11 14:28:23')
    ,(70,54,5,11,73,40,'2022-08-14 12:46:21','2022-12-02 17:25:52','2022-10-13 10:01:07')
    ,(71,57,20,9,33,57,'2022-09-05 12:17:17','2022-12-31 02:03:55','2022-10-08 21:04:46')
    ,(72,61,18,19,10,47,'2023-03-08 21:19:03','2023-03-15 15:22:54','2023-03-14 02:18:35')
    ,(73,90,10,10,47,7,'2022-12-18 01:39:18','2022-11-08 01:03:04','2023-02-17 01:45:11')
    ,(74,96,13,15,92,94,'2022-09-07 09:21:42','2022-07-22 22:34:38','2022-07-11 14:09:39')
    ,(75,36,9,8,74,50,'2022-07-31 22:47:28','2022-08-02 12:48:21','2023-02-07 15:10:12')
    ,(76,62,6,2,84,12,'2022-09-17 10:09:48','2022-11-02 10:45:02','2022-07-29 06:53:59')
    ,(77,64,10,8,83,42,'2022-09-10 07:27:00','2023-03-14 20:52:22','2023-01-18 07:21:15')
    ,(78,50,16,10,41,27,'2022-10-05 17:31:47','2023-02-24 00:16:00','2022-08-09 18:02:07')
    ,(79,99,13,14,38,12,'2022-06-28 09:03:59','2023-02-28 23:14:58','2022-07-03 07:55:14')
    ,(80,95,12,18,14,29,'2023-04-03 01:40:58','2022-07-04 05:49:03','2022-10-13 08:57:50')
    ,(81,74,18,7,51,37,'2022-11-27 15:50:56','2022-07-06 12:54:24','2023-02-24 04:52:55')
    ,(82,40,17,13,14,5,'2022-06-18 14:26:14','2023-03-30 22:19:16','2022-09-02 11:08:08')
    ,(83,6,15,5,32,44,'2023-02-28 06:01:46','2022-09-02 22:37:49','2023-04-12 02:53:22')
    ,(84,24,14,3,58,19,'2023-01-02 17:06:22','2022-11-08 21:03:54','2022-12-01 02:58:19')
    ,(85,27,9,11,22,85,'2022-09-01 16:34:50','2022-08-27 04:39:11','2022-08-14 20:02:26')
    ,(86,11,20,4,80,4,'2022-10-26 23:00:08','2023-01-25 17:16:00','2022-08-16 09:47:00')
    ,(87,10,3,12,25,13,'2022-12-04 22:19:07','2023-02-28 04:48:14','2023-04-05 10:45:46')
    ,(88,51,19,1,100,44,'2023-03-07 11:06:20','2022-10-03 21:36:00','2022-11-23 11:42:31')
    ,(89,35,2,19,80,74,'2022-07-09 17:37:14','2022-06-29 11:17:47','2023-01-19 11:57:54')
    ,(90,12,1,16,1,39,'2023-01-05 00:11:29','2022-10-19 17:28:15','2022-10-21 15:31:31')
    ,(91,97,14,13,4,47,'2023-02-18 03:02:10','2022-12-30 13:29:26','2022-09-08 00:57:43')
    ,(92,87,8,6,6,97,'2022-08-31 16:31:49','2022-07-30 22:05:14','2023-02-26 10:30:38')
    ,(93,89,4,14,81,26,'2022-11-03 13:27:59','2023-03-11 17:16:45','2022-11-09 14:26:58')
    ,(94,34,15,3,94,27,'2023-02-26 22:50:43','2022-07-21 13:47:22','2022-09-13 01:02:30')
    ,(95,77,3,1,63,22,'2022-12-04 08:46:28','2022-09-07 15:03:28','2022-06-14 01:35:11')
    ,(96,7,18,18,39,61,'2023-01-27 03:18:20','2022-11-29 20:08:53','2022-07-15 06:49:08')
    ,(97,62,5,2,58,92,'2023-01-13 05:17:12','2023-01-17 03:37:37','2023-02-01 21:09:25')
    ,(98,27,10,19,23,40,'2022-10-16 04:33:55','2022-10-13 15:38:17','2022-12-04 18:51:16')
    ,(99,85,17,4,64,5,'2023-03-10 06:31:17','2023-04-08 12:25:58','2023-01-28 23:26:00')
    ,(100,32,20,10,12,6,'2022-06-24 00:27:25','2022-08-17 23:15:48','2023-02-16 18:47:14')
    ,(101,4,12,16,96,74,'2022-08-17 09:03:40','2023-01-15 11:16:13','2022-10-12 01:42:32')
    ,(102,78,13,5,35,62,'2022-07-28 15:21:06','2022-12-11 01:43:43','2022-08-21 11:12:39')
    ,(103,52,2,15,40,38,'2022-10-19 11:36:14','2022-11-18 14:49:06','2022-07-04 14:33:58')
    ,(104,22,16,8,27,30,'2022-11-20 04:39:36','2022-08-23 04:02:59','2022-09-28 06:16:26')
    ,(105,9,1,20,51,30,'2023-03-23 12:28:48','2022-12-25 09:31:16','2023-01-14 06:22:26')
    ,(106,87,4,13,37,18,'2022-09-25 22:32:35','2022-12-31 10:32:47','2022-08-20 12:30:19')
    ,(107,35,19,15,36,32,'2023-03-17 05:22:27','2022-12-26 17:08:16','2022-07-15 10:54:08')
    ,(108,28,14,18,36,4,'2023-01-15 05:36:49','2022-11-04 08:48:41','2022-11-17 13:43:29')
    ,(109,95,13,10,38,27,'2022-07-13 08:58:57','2022-11-19 04:01:50','2022-06-28 07:42:25')
    ,(110,68,7,3,57,69,'2023-03-23 10:31:09','2023-04-14 09:54:54','2022-11-30 03:18:47')
    ,(111,45,2,19,9,7,'2022-08-12 06:33:17','2022-12-26 13:21:29','2022-08-12 05:46:25')
    ,(112,72,9,12,85,36,'2022-10-27 04:59:53','2023-02-25 04:08:40','2023-03-21 20:30:43')
    ,(113,6,20,17,90,24,'2022-08-05 07:12:24','2022-07-22 07:08:11','2022-10-19 13:34:18')
    ,(114,92,3,8,37,27,'2022-08-18 00:04:27','2023-02-02 06:23:28','2023-02-12 11:56:54')
    ,(115,66,5,11,26,28,'2023-04-04 22:46:51','2023-01-14 01:05:17','2022-07-11 04:52:10')
    ,(116,89,16,16,26,97,'2022-09-25 23:31:19','2022-12-07 21:29:48','2022-11-01 17:59:11')
    ,(117,48,15,5,24,83,'2023-03-26 07:12:21','2023-03-18 01:44:52','2022-08-13 10:05:37')
    ,(118,3,8,14,21,45,'2022-12-16 20:23:36','2022-08-08 00:36:58','2023-04-05 08:43:26')
    ,(119,17,6,20,8,89,'2022-09-25 18:57:04','2023-04-05 14:11:27','2022-10-18 06:14:58')
    ,(120,69,12,4,77,100,'2023-01-25 09:17:00','2022-06-26 17:29:05','2022-07-05 17:48:10')
    ,(121,93,8,17,92,79,'2022-09-09 20:58:54','2022-08-26 00:52:40','2022-11-13 21:04:52')
    ,(122,66,19,20,50,3,'2022-12-06 01:46:25','2023-02-08 12:20:34','2022-11-19 21:23:01')
    ,(123,43,15,15,99,42,'2023-02-10 13:12:37','2022-08-01 10:39:55','2022-07-31 10:20:28')
    ,(124,16,16,9,96,5,'2023-03-20 16:02:44','2022-06-04 19:45:02','2022-12-30 18:48:26')
    ,(125,24,2,12,83,85,'2022-07-23 06:38:25','2022-12-19 15:10:22','2022-09-06 15:56:20')
    ,(126,57,5,4,52,3,'2022-08-04 21:37:10','2022-08-15 13:04:27','2022-10-22 19:28:43')
    ,(127,1,11,8,19,58,'2022-06-06 01:04:36','2023-03-21 16:50:26','2023-04-05 11:27:11')
    ,(128,92,3,7,67,22,'2023-01-06 04:18:01','2022-08-25 23:13:11','2022-11-16 12:02:37')
    ,(129,95,10,5,50,34,'2023-02-16 15:20:07','2022-11-29 03:38:44','2022-08-07 05:22:20')
    ,(130,100,4,16,58,50,'2022-06-23 09:16:50','2022-10-28 15:30:07','2022-08-07 04:03:28')
    ,(131,51,9,1,32,13,'2022-12-22 18:57:24','2023-03-21 13:34:42','2022-08-19 17:25:27')
    ,(132,90,12,13,58,30,'2022-06-12 15:48:35','2022-07-23 05:00:05','2023-01-29 12:07:49')
    ,(133,44,17,11,24,2,'2022-08-26 19:13:10','2022-08-08 07:09:35','2023-03-19 12:53:37')
    ,(134,6,13,2,6,27,'2022-08-02 14:43:47','2023-01-29 13:54:16','2023-02-04 08:08:50')
    ,(135,30,1,18,40,69,'2022-06-25 08:28:51','2022-12-09 01:16:52','2023-03-04 13:55:44')
    ,(136,13,16,5,87,59,'2022-11-03 19:02:40','2023-04-04 14:16:03','2022-12-10 13:05:11')
    ,(137,19,14,4,7,51,'2022-12-30 04:40:34','2022-12-15 23:07:19','2022-08-20 10:46:24')
    ,(138,82,4,6,76,81,'2023-01-17 06:25:09','2022-08-08 14:07:02','2022-12-16 16:41:50')
    ,(139,100,1,7,44,92,'2022-06-19 04:07:44','2022-09-27 04:54:35','2022-09-28 19:36:40')
    ,(140,32,7,19,46,80,'2022-10-28 22:05:21','2022-08-08 15:52:47','2023-04-08 12:54:54')
    ,(141,75,19,9,2,56,'2022-06-13 19:51:23','2022-08-09 12:41:06','2022-11-25 16:33:55')
    ,(142,86,17,20,93,16,'2022-10-16 15:27:57','2023-01-30 22:03:39','2023-01-26 09:48:05')
    ,(143,87,10,12,64,14,'2023-01-31 17:42:30','2023-01-04 00:45:29','2022-06-25 14:36:06')
    ,(144,74,12,11,96,40,'2023-01-05 10:51:41','2023-03-08 23:17:30','2022-10-13 06:46:22')
    ,(145,70,15,13,87,39,'2023-03-09 01:53:03','2023-01-24 20:38:04','2023-03-22 03:28:03')
    ,(146,67,11,15,40,6,'2023-01-10 14:29:51','2023-01-07 20:40:47','2022-12-30 23:58:28')
    ,(147,69,3,2,71,31,'2022-07-11 20:28:59','2022-11-07 11:16:22','2023-01-19 23:22:14')
    ,(148,49,20,16,19,27,'2022-08-13 23:34:10','2022-06-14 04:08:10','2022-06-22 23:15:18')
    ,(149,12,18,17,44,97,'2023-01-07 08:22:50','2022-07-12 19:30:00','2022-10-06 11:14:42')
    ,(150,55,9,3,49,15,'2022-11-28 19:25:19','2022-11-03 19:29:27','2022-11-13 10:53:37')
    ,(151,72,3,3,66,77,'2022-09-27 20:28:41','2022-10-04 16:41:35','2022-10-27 11:40:42')
    ,(152,41,18,19,98,34,'2023-01-17 16:31:15','2023-04-03 06:37:22','2023-02-12 04:45:08')
    ,(153,14,2,4,73,91,'2023-03-14 17:12:10','2023-02-18 13:08:02','2022-09-10 19:12:31')
    ,(154,75,6,8,78,100,'2022-09-06 16:09:29','2022-08-28 10:01:20','2022-06-18 11:51:41')
    ,(155,17,17,5,29,98,'2023-02-19 23:40:49','2022-09-16 06:08:58','2022-11-06 12:13:48')
    ,(156,73,16,13,96,5,'2022-06-16 02:58:19','2022-11-05 02:30:19','2022-06-02 22:37:00')
    ,(157,10,20,11,66,16,'2023-02-14 18:48:16','2023-02-02 02:18:59','2023-01-01 04:44:20')
    ,(158,48,4,14,69,1,'2022-11-28 01:02:18','2022-06-11 21:57:58','2023-02-05 14:48:45')
    ,(159,3,8,2,48,49,'2022-09-04 06:56:33','2022-08-08 17:42:19','2022-12-07 02:51:04')
    ,(160,1,14,6,22,56,'2022-11-02 15:32:04','2023-02-04 19:16:43','2022-06-09 17:52:02')
    ,(161,42,9,18,33,23,'2023-01-01 05:25:56','2022-09-12 03:45:13','2022-11-13 23:46:24')
    ,(162,68,15,16,74,1,'2022-06-14 08:22:31','2023-02-19 01:43:36','2023-03-26 20:51:09')
    ,(163,30,12,7,22,62,'2023-01-10 03:14:35','2022-07-25 11:47:15','2023-02-20 14:16:43')
    ,(164,35,11,20,79,17,'2022-10-09 01:40:16','2023-04-14 10:27:50','2022-07-25 17:47:35')
    ,(165,45,7,9,27,92,'2022-11-14 06:35:15','2023-03-02 19:40:07','2022-06-29 07:36:23')
    ,(166,30,4,17,13,81,'2022-10-21 14:08:39','2023-02-16 13:06:03','2023-04-10 00:09:56')
    ,(167,24,12,16,30,83,'2022-10-29 08:36:18','2022-12-16 09:20:25','2022-11-23 16:08:01')
    ,(168,70,17,2,7,81,'2023-04-01 04:44:47','2022-08-21 12:51:01','2023-03-03 23:30:10')
    ,(169,45,2,18,76,84,'2022-07-05 10:13:48','2022-12-14 17:33:39','2023-01-24 17:09:05')
    ,(170,57,11,14,56,43,'2022-07-04 18:29:55','2022-08-07 19:22:27','2022-10-12 07:49:34')
    ,(171,1,7,9,53,15,'2022-11-26 18:26:52','2022-12-28 22:47:54','2022-10-03 01:00:20')
    ,(172,78,20,6,53,98,'2022-07-06 07:24:54','2023-02-13 14:39:15','2022-12-22 22:49:12')
    ,(173,10,14,10,71,34,'2023-04-11 23:09:22','2023-02-01 17:50:06','2023-01-19 06:44:28')
    ,(174,58,6,3,69,49,'2022-07-03 11:09:55','2022-06-23 00:53:38','2022-10-10 14:55:12')
    ,(175,92,5,13,43,1,'2022-06-29 16:13:52','2023-03-19 04:57:54','2022-11-16 06:51:17')
    ,(176,23,10,5,80,68,'2022-09-09 03:42:23','2022-12-06 17:11:34','2022-10-27 21:31:31')
    ,(177,22,8,8,14,45,'2022-12-05 11:35:40','2022-06-18 07:58:02','2023-02-11 22:37:33')
    ,(178,6,3,20,38,63,'2022-06-02 04:33:42','2022-08-12 19:48:55','2023-02-09 12:44:30')
    ,(179,42,18,1,78,45,'2023-04-10 19:19:07','2023-03-16 18:41:28','2022-09-24 22:33:17')
    ,(180,86,9,4,8,15,'2023-01-15 05:29:39','2022-10-23 19:43:13','2022-07-14 20:40:07')
    ,(181,45,12,5,21,58,'2022-07-29 20:32:11','2023-01-22 16:25:11','2023-04-14 22:40:56')
    ,(182,31,15,2,76,5,'2023-01-01 13:15:22','2023-02-27 04:47:29','2022-06-07 15:58:25')
    ,(183,35,1,9,59,97,'2022-07-29 21:41:30','2022-11-25 19:56:36','2022-08-15 15:02:11')
    ,(184,34,13,11,16,52,'2022-07-12 23:27:12','2022-06-10 02:11:19','2022-11-27 12:41:33')
    ,(185,42,7,17,53,63,'2022-10-05 21:27:13','2022-07-30 21:41:01','2023-02-26 14:54:52')
    ,(186,48,18,14,77,26,'2023-01-07 08:49:40','2023-03-31 23:02:02','2023-03-22 07:07:20')
    ,(187,25,8,19,3,51,'2022-07-31 11:07:30','2022-12-20 01:01:00','2022-09-05 06:31:39')
    ,(188,26,3,15,33,82,'2022-09-03 00:17:01','2022-08-10 15:24:39','2022-06-21 11:01:37')
    ,(189,6,2,8,18,4,'2023-02-20 16:15:06','2023-04-07 13:51:07','2022-11-10 04:51:15')
    ,(190,21,14,16,39,81,'2022-07-08 12:29:45','2022-11-03 07:07:26','2022-11-14 21:27:24')
    ,(191,65,20,4,80,89,'2023-03-29 05:55:16','2023-02-13 14:12:57','2022-11-20 04:12:57')
    ,(192,61,5,6,26,96,'2023-04-06 17:33:22','2023-02-21 00:27:50','2022-09-23 11:13:54')
    ,(193,28,17,18,56,32,'2022-08-14 02:19:41','2022-10-30 09:38:44','2023-02-06 09:06:25')
    ,(194,79,6,3,50,39,'2023-01-21 10:54:08','2022-07-29 23:13:32','2023-02-16 01:55:52')
    ,(195,7,4,7,54,24,'2023-04-14 13:27:10','2023-03-21 03:58:04','2022-08-09 02:28:24')
    ,(196,23,16,6,41,5,'2022-07-06 23:12:26','2022-06-17 13:31:58','2022-11-07 23:01:11')
    ,(197,25,13,8,60,80,'2022-12-14 02:40:54','2022-06-25 00:57:42','2022-11-08 03:11:01')
    ,(198,6,5,17,74,69,'2022-10-07 09:55:44','2022-08-27 16:05:20','2022-11-19 07:56:39')
    ,(199,84,10,12,83,62,'2023-02-02 11:38:50','2022-06-29 05:47:22','2022-07-18 03:25:00')
    ,(200,10,11,11,44,1,'2022-06-08 10:19:59','2023-04-14 15:46:00','2023-01-08 01:11:27')
    ,(201,91,20,3,85,13,'2023-03-27 14:46:10','2022-09-26 06:11:53','2022-06-04 11:43:01')
    ,(202,50,12,1,2,53,'2022-09-28 21:35:21','2022-10-18 10:59:16','2023-04-07 16:38:59')
    ,(203,94,17,9,54,91,'2022-06-08 00:11:21','2022-08-25 17:58:03','2022-07-09 20:17:54')
    ,(204,38,2,16,45,77,'2022-11-05 14:31:22','2022-12-04 07:22:55','2022-11-27 20:46:05')
    ,(205,21,6,5,1,13,'2023-03-10 09:32:00','2022-09-23 16:15:01','2022-11-14 21:47:15')
    ,(206,1,18,19,33,36,'2022-09-14 02:12:33','2023-01-08 09:53:55','2022-12-15 17:42:31')
    ,(207,4,15,15,83,28,'2023-03-21 22:42:17','2022-08-26 03:02:33','2023-01-29 01:02:54')
    ,(208,77,19,14,48,97,'2023-02-28 22:12:04','2022-12-28 00:21:41','2022-07-18 08:45:36')
    ,(209,93,1,2,12,82,'2022-12-27 01:35:19','2023-02-23 15:47:49','2022-09-23 18:02:20')
    ,(210,96,8,20,92,74,'2023-03-12 12:00:48','2023-04-09 19:43:29','2023-01-11 07:56:16')
    ,(211,20,1,1,35,61,'2022-12-31 11:07:37','2022-07-02 23:46:13','2022-07-20 16:16:00')
    ,(212,61,15,9,100,91,'2022-12-24 17:20:27','2022-12-21 08:01:27','2023-02-04 06:30:01')
    ,(213,34,19,7,96,6,'2023-03-29 23:14:02','2023-03-19 08:43:44','2022-06-05 01:40:40')
    ,(214,59,16,11,8,29,'2022-11-30 23:56:30','2022-09-13 08:07:52','2023-02-19 19:39:08')
    ,(215,54,10,4,74,68,'2022-08-09 08:43:19','2022-06-01 07:17:05','2023-03-21 02:59:32')
    ,(216,22,3,16,53,6,'2022-06-06 15:03:00','2022-06-01 03:41:07','2023-03-05 15:31:52')
    ,(217,26,18,13,82,74,'2023-03-13 12:40:39','2022-09-18 12:29:18','2022-07-24 16:49:23')
    ,(218,55,13,6,24,48,'2022-08-21 22:37:48','2023-02-27 11:11:52','2023-04-11 00:44:08')
    ,(219,44,14,3,60,66,'2022-07-26 22:01:47','2022-11-10 06:50:23','2022-10-13 03:36:12')
    ,(220,13,11,5,62,78,'2022-07-07 10:11:31','2022-08-19 23:20:27','2022-07-18 22:27:08')
    ,(221,49,17,18,60,57,'2022-07-07 01:36:17','2022-07-10 22:56:20','2022-10-08 00:14:00')
    ,(222,19,5,15,11,70,'2022-10-22 21:28:00','2023-02-02 17:23:36','2022-06-10 19:25:18')
    ,(223,82,4,12,11,3,'2022-11-14 10:28:49','2022-11-22 20:44:22','2022-09-30 12:49:03')
    ,(224,39,7,14,18,32,'2023-01-22 06:01:25','2022-06-21 02:22:01','2022-10-21 18:01:10')
    ,(225,88,2,19,83,50,'2022-10-21 04:11:51','2022-06-30 00:25:22','2023-01-01 10:49:50')
    ,(226,76,14,14,47,55,'2022-08-17 10:24:37','2022-06-05 09:26:57','2023-01-03 13:12:11')
    ,(227,21,7,8,37,47,'2022-06-09 05:29:23','2022-08-09 12:14:33','2022-07-25 17:43:03')
    ,(228,65,9,12,61,97,'2023-01-09 12:23:11','2022-07-15 10:44:03','2022-09-19 06:59:14')
    ,(229,35,4,16,37,32,'2022-06-18 16:29:11','2023-01-16 12:00:18','2022-12-11 05:27:43')
    ,(230,63,20,19,24,31,'2022-11-21 23:58:03','2022-10-20 13:43:42','2022-07-29 18:46:20')
    ,(231,58,2,9,13,75,'2022-11-17 03:07:37','2022-10-03 22:42:42','2023-03-11 15:44:29')
    ,(232,10,18,20,58,5,'2023-02-03 01:59:20','2022-12-13 13:48:37','2023-01-14 14:45:22')
    ,(233,93,17,11,33,76,'2022-10-09 16:12:34','2022-06-20 17:34:32','2022-11-05 22:35:49')
    ,(234,97,13,2,99,93,'2023-01-27 17:26:45','2022-10-24 00:32:21','2023-03-27 03:43:22')
    ,(235,61,16,1,40,60,'2022-10-02 20:07:21','2023-03-19 12:11:25','2022-12-30 12:09:43')
    ,(236,38,5,5,13,31,'2022-09-26 23:29:13','2023-02-12 11:37:52','2023-01-20 21:05:24')
    ,(237,41,19,10,66,1,'2023-04-09 08:57:26','2022-06-22 15:39:38','2022-09-24 22:30:47')
    ,(238,11,12,15,44,76,'2022-11-06 13:43:03','2023-03-18 15:09:23','2022-10-10 13:03:42')
    ,(239,18,6,18,75,46,'2022-10-13 12:22:27','2023-03-18 16:44:19','2023-01-24 21:10:48')
    ,(240,72,1,4,33,5,'2022-10-19 14:00:15','2022-10-12 19:21:47','2022-06-04 17:50:34')
    ,(241,20,4,14,24,91,'2023-02-09 01:55:18','2022-09-18 13:07:49','2022-08-04 03:52:35')
    ,(242,30,1,13,13,90,'2022-11-16 17:49:15','2022-09-18 06:23:02','2022-06-23 02:02:12')
    ,(243,18,14,10,83,27,'2022-06-29 10:13:05','2022-07-31 19:59:06','2022-07-25 09:48:16')
    ,(244,90,19,9,73,83,'2022-10-31 09:06:02','2023-01-12 04:43:39','2022-11-29 09:15:12')
    ,(245,57,15,8,69,98,'2022-10-02 16:49:38','2022-09-02 09:26:10','2022-11-13 09:49:15')
    ,(246,71,20,2,28,76,'2022-07-18 11:08:53','2022-08-27 04:40:40','2023-03-08 13:49:08')
    ,(247,77,7,5,85,28,'2023-01-23 04:31:40','2022-12-06 05:20:26','2023-02-04 01:45:51')
    ,(248,39,16,1,97,61,'2022-07-29 06:19:48','2022-08-17 19:16:50','2022-12-08 17:34:49')
    ,(249,28,3,17,95,39,'2023-04-03 01:14:42','2022-11-12 23:40:59','2023-03-24 15:40:34')
    ,(250,83,13,19,36,13,'2023-01-08 12:04:00','2022-09-19 19:12:21','2022-11-10 19:34:12')
    ,(251,100,18,3,83,34,'2022-10-14 02:51:49','2022-11-05 10:47:13','2023-03-09 23:11:46')
    ,(252,25,10,16,4,29,'2023-01-25 19:07:16','2022-09-02 14:58:43','2023-03-26 13:04:33')
    ,(253,87,12,12,85,30,'2022-06-10 06:59:34','2022-12-06 04:27:50','2022-11-12 18:40:37')
    ,(254,67,2,20,8,95,'2022-09-02 06:25:37','2022-12-09 23:26:48','2023-03-18 09:09:55')
    ,(255,11,8,4,57,85,'2022-10-09 19:30:15','2022-12-24 13:49:01','2023-02-23 23:35:28')
    ,(256,68,16,16,14,27,'2022-10-18 04:30:20','2023-01-30 05:26:39','2023-04-07 20:41:30')
    ,(257,52,11,18,27,19,'2022-09-28 16:45:39','2022-12-25 22:02:22','2023-03-13 04:56:35')
    ,(258,27,18,20,39,4,'2023-03-11 19:29:06','2022-10-28 19:04:53','2022-06-12 08:16:53')
    ,(259,71,17,3,87,62,'2023-01-29 08:11:10','2022-08-18 09:40:41','2022-07-30 03:57:52')
    ,(260,50,12,6,20,48,'2022-08-16 01:08:27','2022-07-20 04:09:40','2022-11-23 16:09:26')
    ,(261,40,19,9,85,79,'2022-08-13 02:41:46','2022-06-04 05:11:01','2022-06-20 17:04:28')
    ,(262,37,2,1,31,44,'2022-12-04 11:12:46','2023-01-21 00:33:35','2023-02-09 05:40:52')
    ,(263,58,9,19,15,35,'2022-12-19 02:42:28','2023-03-24 23:44:24','2022-07-05 17:29:59')
    ,(264,94,7,4,92,13,'2022-08-25 06:22:40','2022-11-29 18:49:43','2022-09-27 09:49:58')
    ,(265,46,20,10,13,70,'2022-12-27 09:10:10','2022-07-03 03:54:58','2022-11-01 22:09:39')
    ,(266,49,5,8,82,60,'2022-06-13 02:21:31','2022-12-08 23:45:21','2023-02-26 19:37:27')
    ,(267,11,10,11,13,99,'2023-01-07 17:00:51','2022-08-03 01:07:56','2022-09-22 03:04:55')
    ,(268,90,14,5,50,34,'2022-11-26 18:40:51','2022-07-31 22:19:05','2022-08-17 06:00:31')
    ,(269,79,8,2,18,62,'2022-09-28 19:28:49','2022-08-16 15:50:17','2023-01-12 16:08:11')
    ,(270,89,4,14,56,48,'2022-06-18 08:14:44','2023-04-06 13:10:59','2023-03-27 08:14:12')
    ,(271,18,18,7,31,75,'2022-11-24 02:36:48','2022-11-07 07:46:25','2023-03-25 11:39:37')
    ,(272,36,20,11,46,87,'2023-04-02 07:54:49','2022-08-09 20:15:20','2023-01-18 04:06:32')
    ,(273,33,14,10,45,27,'2022-11-27 09:12:34','2022-12-31 00:48:33','2022-12-28 09:31:26')
    ,(274,56,17,6,14,62,'2022-10-01 03:08:52','2022-06-01 13:48:55','2022-11-07 02:05:49')
    ,(275,1,4,12,4,65,'2022-07-01 03:36:36','2023-01-20 06:18:04','2022-07-28 06:51:01')
    ,(276,92,8,1,73,38,'2022-09-14 03:17:36','2023-03-13 09:58:04','2022-11-17 01:21:13')
    ,(277,87,15,8,67,76,'2023-03-11 05:42:56','2022-09-24 14:16:17','2022-07-10 12:25:10')
    ,(278,44,13,5,22,25,'2023-02-19 18:13:42','2022-07-01 16:17:12','2023-04-08 15:16:44')
    ,(279,82,12,14,27,22,'2022-07-29 00:14:40','2023-02-20 22:00:22','2022-06-20 08:03:43')
    ,(280,20,3,15,34,23,'2022-08-27 03:05:42','2022-09-02 03:33:05','2022-06-17 00:53:55')
    ,(281,93,16,4,52,72,'2023-03-15 16:08:52','2022-09-27 06:49:16','2022-12-18 07:53:14')
    ,(282,50,11,18,20,89,'2022-12-18 02:33:47','2023-03-22 07:29:20','2023-02-17 21:20:48')
    ,(283,7,1,2,42,59,'2023-02-21 11:54:43','2022-12-30 05:54:46','2023-02-22 16:37:17')
    ,(284,26,19,17,79,18,'2022-10-18 14:13:20','2023-04-13 16:57:31','2023-01-11 18:47:11')
    ,(285,49,10,19,52,97,'2023-02-12 14:32:32','2022-12-21 10:08:27','2022-06-18 05:54:31')
    ,(286,71,1,7,51,24,'2022-09-05 07:14:34','2023-04-01 11:04:23','2022-10-10 03:37:22')
    ,(287,45,16,16,87,34,'2023-02-21 00:20:18','2022-11-20 09:12:37','2022-10-22 10:09:29')
    ,(288,76,8,14,24,54,'2022-10-07 05:34:06','2023-03-31 22:19:04','2023-04-04 02:37:03')
    ,(289,28,6,8,40,90,'2023-01-27 12:31:51','2022-07-20 13:44:48','2023-04-07 15:39:53')
    ,(290,3,7,6,62,65,'2022-09-29 13:42:40','2023-02-06 05:37:10','2022-11-01 16:46:29')
    ,(291,97,4,11,11,60,'2022-10-18 04:13:51','2023-01-30 07:25:28','2022-08-31 12:13:03')
    ,(292,55,18,20,75,66,'2022-07-24 01:11:28','2022-12-24 03:17:06','2022-12-26 23:31:26')
    ,(293,29,15,1,5,9,'2023-02-18 03:24:00','2023-02-27 11:21:58','2023-01-22 11:05:06')
    ,(294,96,14,3,98,59,'2022-09-13 04:54:33','2022-07-08 12:29:12','2023-01-15 05:43:52')
    ,(295,77,9,18,13,10,'2022-10-16 10:36:02','2023-01-17 02:06:02','2022-12-21 09:52:34')
    ,(296,91,10,9,50,99,'2022-06-19 11:02:22','2023-04-03 22:53:45','2022-06-24 00:48:25')
    ,(297,83,13,12,48,70,'2022-07-30 20:26:46','2022-09-25 08:15:10','2023-03-24 03:18:45')
    ,(298,87,19,15,1,15,'2023-02-09 22:07:36','2022-12-01 17:17:08','2022-12-22 07:51:29')
    ,(299,82,12,17,94,39,'2023-02-20 22:12:00','2022-06-18 11:20:22','2023-03-26 10:03:25')
    ,(300,39,3,10,35,43,'2022-11-03 14:40:07','2023-03-13 10:04:02','2022-10-10 04:20:36');

-- Menu Item
INSERT INTO Menu_Item(menu_item_id,restaurant_id,item_name,descrip,price,order_id) VALUES
    (1,6,'Containter - 3oz Microwave Rect.','Curabitur in libero ut massa volutpat convallis. Morbi odio odio, elementum eu, interdum eu, tincidunt in, leo. Maecenas pulvinar lobortis est.',78,1)
    ,(2,9,'Cheese - Ricotta','Morbi non lectus. Aliquam sit amet diam in magna bibendum imperdiet. Nullam orci pede, venenatis non, sodales sed, tincidunt eu, felis.',65,2)
    ,(3,17,'Yeast Dry - Fleischman','Cras non velit nec nisi vulputate nonummy. Maecenas tincidunt lacus at velit. Vivamus vel nulla eget eros elementum pellentesque.',36,3)
    ,(4,8,'Juice - Lagoon Mango','Integer ac leo. Pellentesque ultrices mattis odio. Donec vitae nisi.',60,4)
    ,(5,20,'Oil - Macadamia','Nulla ut erat id mauris vulputate elementum. Nullam varius. Nulla facilisi.',79,5)
    ,(6,4,'Cheese - Woolwich Goat, Log','Curabitur in libero ut massa volutpat convallis. Morbi odio odio, elementum eu, interdum eu, tincidunt in, leo. Maecenas pulvinar lobortis est.',4,6)
    ,(7,7,'Veal - Provimi Inside','Curabitur in libero ut massa volutpat convallis. Morbi odio odio, elementum eu, interdum eu, tincidunt in, leo. Maecenas pulvinar lobortis est.',16,7)
    ,(8,2,'Soup - Cream Of Potato / Leek','In hac habitasse platea dictumst. Etiam faucibus cursus urna. Ut tellus.',10,8)
    ,(9,1,'Sprouts - Bean','Aenean fermentum. Donec ut mauris eget massa tempor convallis. Nulla neque libero, convallis eget, eleifend luctus, ultricies eu, nibh.',4,9)
    ,(10,10,'Split Peas - Yellow, Dry','Sed sagittis. Nam congue, risus semper porta volutpat, quam pede lobortis ligula, sit amet eleifend pede libero quis orci. Nullam molestie nibh in lectus.',35,10)
    ,(11,8,'Bread - Rosemary Focaccia','Etiam vel augue. Vestibulum rutrum rutrum neque. Aenean auctor gravida sem.',42,11)
    ,(12,4,'Chips Potato All Dressed - 43g','Nulla ut erat id mauris vulputate elementum. Nullam varius. Nulla facilisi.',80,12)
    ,(13,11,'Pepper - White, Ground','Morbi porttitor lorem id ligula. Suspendisse ornare consequat lectus. In est risus, auctor sed, tristique in, tempus sit amet, sem.',48,13)
    ,(14,17,'Beef - Prime Rib Aaa','Nulla ut erat id mauris vulputate elementum. Nullam varius. Nulla facilisi.',60,14)
    ,(15,1,'Cheese - Ermite Bleu','Morbi porttitor lorem id ligula. Suspendisse ornare consequat lectus. In est risus, auctor sed, tristique in, tempus sit amet, sem.',25,15)
    ,(16,9,'Cookie - Oatmeal','Aenean lectus. Pellentesque eget nunc. Donec quis orci eget orci vehicula condimentum.',78,16)
    ,(17,3,'Apple - Delicious, Red','Cum sociis natoque penatibus et magnis dis parturient montes, nascetur ridiculus mus. Vivamus vestibulum sagittis sapien. Cum sociis natoque penatibus et magnis dis parturient montes, nascetur ridiculus mus.',38,17)
    ,(18,2,'Remy Red Berry Infusion','Duis bibendum, felis sed interdum venenatis, turpis enim blandit mi, in porttitor pede justo eu massa. Donec dapibus. Duis at velit eu est congue elementum.',77,18)
    ,(19,6,'Foam Espresso Cup Plain White','Praesent id massa id nisl venenatis lacinia. Aenean sit amet justo. Morbi ut odio.',67,19)
    ,(20,10,'Cranberries - Fresh','Lorem ipsum dolor sit amet, consectetuer adipiscing elit. Proin risus. Praesent lectus.',22,20)
    ,(21,5,'Cheese - Brie, Cups 125g','Curabitur at ipsum ac tellus semper interdum. Mauris ullamcorper purus sit amet nulla. Quisque arcu libero, rutrum ac, lobortis vel, dapibus at, diam.',23,21)
    ,(22,10,'Doilies - 12, Paper','Integer ac leo. Pellentesque ultrices mattis odio. Donec vitae nisi.',94,22)
    ,(23,2,'Macaroons - Homestyle Two Bit','Integer ac leo. Pellentesque ultrices mattis odio. Donec vitae nisi.',89,23)
    ,(24,14,'Plate Pie Foil','In sagittis dui vel nisl. Duis ac nibh. Fusce lacus purus, aliquet at, feugiat non, pretium quis, lectus.',54,24)
    ,(25,18,'Boogies','Morbi porttitor lorem id ligula. Suspendisse ornare consequat lectus. In est risus, auctor sed, tristique in, tempus sit amet, sem.',49,25)
    ,(26,20,'Vermacelli - Sprinkles, Assorted','Proin eu mi. Nulla ac enim. In tempor, turpis nec euismod scelerisque, quam turpis adipiscing lorem, vitae mattis nibh ligula nec sem.',98,26)
    ,(27,6,'Bacardi Mojito','Curabitur in libero ut massa volutpat convallis. Morbi odio odio, elementum eu, interdum eu, tincidunt in, leo. Maecenas pulvinar lobortis est.',40,27)
    ,(28,4,'Pork - Backfat','Sed ante. Vivamus tortor. Duis mattis egestas metus.',82,28)
    ,(29,13,'Bread - Pain Au Liat X12','Cum sociis natoque penatibus et magnis dis parturient montes, nascetur ridiculus mus. Vivamus vestibulum sagittis sapien. Cum sociis natoque penatibus et magnis dis parturient montes, nascetur ridiculus mus.',91,29)
    ,(30,9,'Wine - Pinot Noir Mondavi Coastal','Morbi porttitor lorem id ligula. Suspendisse ornare consequat lectus. In est risus, auctor sed, tristique in, tempus sit amet, sem.',11,30)
    ,(31,15,'Garlic','Phasellus sit amet erat. Nulla tempus. Vivamus in felis eu sapien cursus vestibulum.',98,31)
    ,(32,14,'Pork - Hock And Feet Attached','Duis consequat dui nec nisi volutpat eleifend. Donec ut dolor. Morbi vel lectus in quam fringilla rhoncus.',61,32)
    ,(33,9,'Cactus Pads','Curabitur gravida nisi at nibh. In hac habitasse platea dictumst. Aliquam augue quam, sollicitudin vitae, consectetuer eget, rutrum at, lorem.',25,33)
    ,(34,10,'Soup - Base Broth Chix','Curabitur at ipsum ac tellus semper interdum. Mauris ullamcorper purus sit amet nulla. Quisque arcu libero, rutrum ac, lobortis vel, dapibus at, diam.',41,34)
    ,(35,3,'Beef - Short Ribs','Aenean fermentum. Donec ut mauris eget massa tempor convallis. Nulla neque libero, convallis eget, eleifend luctus, ultricies eu, nibh.',33,35)
    ,(36,20,'Steam Pan Full Lid','Maecenas ut massa quis augue luctus tincidunt. Nulla mollis molestie lorem. Quisque ut erat.',27,36)
    ,(37,19,'Scrubbie - Scotchbrite Hand Pad','Fusce posuere felis sed lacus. Morbi sem mauris, laoreet ut, rhoncus aliquet, pulvinar sed, nisl. Nunc rhoncus dui vel sem.',42,37)
    ,(38,4,'Pernod','Maecenas ut massa quis augue luctus tincidunt. Nulla mollis molestie lorem. Quisque ut erat.',23,38)
    ,(39,7,'Gingerale - Diet - Schweppes','Curabitur gravida nisi at nibh. In hac habitasse platea dictumst. Aliquam augue quam, sollicitudin vitae, consectetuer eget, rutrum at, lorem.',39,39)
    ,(40,8,'Flour - Whole Wheat','Cum sociis natoque penatibus et magnis dis parturient montes, nascetur ridiculus mus. Vivamus vestibulum sagittis sapien. Cum sociis natoque penatibus et magnis dis parturient montes, nascetur ridiculus mus.',19,40)
    ,(41,11,'Chinese Foods - Pepper Beef','Nulla ut erat id mauris vulputate elementum. Nullam varius. Nulla facilisi.',63,41)
    ,(42,12,'Soup - Campbells, Beef Barley','Pellentesque at nulla. Suspendisse potenti. Cras in purus eu magna vulputate luctus.',64,42)
    ,(43,4,'Squid - U 5','Aliquam quis turpis eget elit sodales scelerisque. Mauris sit amet eros. Suspendisse accumsan tortor quis turpis.',15,43)
    ,(44,8,'Oranges - Navel, 72','Vestibulum ac est lacinia nisi venenatis tristique. Fusce congue, diam id ornare imperdiet, sapien urna pretium nisl, ut volutpat sapien arcu sed augue. Aliquam erat volutpat.',75,44)
    ,(45,5,'Thyme - Fresh','Quisque id justo sit amet sapien dignissim vestibulum. Vestibulum ante ipsum primis in faucibus orci luctus et ultrices posuere cubilia Curae; Nulla dapibus dolor vel est. Donec odio justo, sollicitudin ut, suscipit a, feugiat et, eros.',38,45)
    ,(46,19,'Salt - Kosher','Proin eu mi. Nulla ac enim. In tempor, turpis nec euismod scelerisque, quam turpis adipiscing lorem, vitae mattis nibh ligula nec sem.',94,46)
    ,(47,2,'Appetizer - Mushroom Tart','Duis consequat dui nec nisi volutpat eleifend. Donec ut dolor. Morbi vel lectus in quam fringilla rhoncus.',18,47)
    ,(48,20,'Bread - Pumpernickel','Quisque id justo sit amet sapien dignissim vestibulum. Vestibulum ante ipsum primis in faucibus orci luctus et ultrices posuere cubilia Curae; Nulla dapibus dolor vel est. Donec odio justo, sollicitudin ut, suscipit a, feugiat et, eros.',66,48)
    ,(49,14,'Wine - Masi Valpolocell','In sagittis dui vel nisl. Duis ac nibh. Fusce lacus purus, aliquet at, feugiat non, pretium quis, lectus.',58,49)
    ,(50,9,'Beef - Bresaola','Suspendisse potenti. In eleifend quam a odio. In hac habitasse platea dictumst.',85,50)
    ,(51,6,'Cheese - Cheddar, Mild','Quisque porta volutpat erat. Quisque erat eros, viverra eget, congue eget, semper rutrum, nulla. Nunc purus.',56,51)
    ,(52,1,'Crab Brie In Phyllo','Duis consequat dui nec nisi volutpat eleifend. Donec ut dolor. Morbi vel lectus in quam fringilla rhoncus.',43,52)
    ,(53,4,'Truffle - Whole Black Peeled','Quisque id justo sit amet sapien dignissim vestibulum. Vestibulum ante ipsum primis in faucibus orci luctus et ultrices posuere cubilia Curae; Nulla dapibus dolor vel est. Donec odio justo, sollicitudin ut, suscipit a, feugiat et, eros.',3,53)
    ,(54,16,'Extract Vanilla Pure','Duis bibendum. Morbi non quam nec dui luctus rutrum. Nulla tellus.',61,54)
    ,(55,13,'Island Oasis - Wildberry','In congue. Etiam justo. Etiam pretium iaculis justo.',59,55)
    ,(56,8,'Beef Wellington','Pellentesque at nulla. Suspendisse potenti. Cras in purus eu magna vulputate luctus.',37,56)
    ,(57,7,'Chocolate Liqueur - Godet White','Lorem ipsum dolor sit amet, consectetuer adipiscing elit. Proin risus. Praesent lectus.',11,57)
    ,(58,2,'Milk 2% 500 Ml','Sed ante. Vivamus tortor. Duis mattis egestas metus.',79,58)
    ,(59,18,'Tobasco Sauce','In hac habitasse platea dictumst. Morbi vestibulum, velit id pretium iaculis, diam erat fermentum justo, nec condimentum neque sapien placerat ante. Nulla justo.',83,59)
    ,(60,12,'Cookies - Englishbay Wht','Vestibulum ac est lacinia nisi venenatis tristique. Fusce congue, diam id ornare imperdiet, sapien urna pretium nisl, ut volutpat sapien arcu sed augue. Aliquam erat volutpat.',64,60)
    ,(61,4,'Boogies','Curabitur gravida nisi at nibh. In hac habitasse platea dictumst. Aliquam augue quam, sollicitudin vitae, consectetuer eget, rutrum at, lorem.',62,61)
    ,(62,15,'Tomatoes - Diced, Canned','Maecenas tristique, est et tempus semper, est quam pharetra magna, ac consequat metus sapien ut nunc. Vestibulum ante ipsum primis in faucibus orci luctus et ultrices posuere cubilia Curae; Mauris viverra diam vitae quam. Suspendisse potenti.',81,62)
    ,(63,20,'Hot Chocolate - Individual','Duis aliquam convallis nunc. Proin at turpis a pede posuere nonummy. Integer non velit.',86,63)
    ,(64,5,'Tomatoes - Yellow Hot House','Integer tincidunt ante vel ipsum. Praesent blandit lacinia erat. Vestibulum sed magna at nunc commodo placerat.',87,64)
    ,(65,7,'Brownies - Two Bite, Chocolate','Duis bibendum. Morbi non quam nec dui luctus rutrum. Nulla tellus.',56,65)
    ,(66,17,'Pepper - Sorrano','Cum sociis natoque penatibus et magnis dis parturient montes, nascetur ridiculus mus. Vivamus vestibulum sagittis sapien. Cum sociis natoque penatibus et magnis dis parturient montes, nascetur ridiculus mus.',56,66)
    ,(67,19,'Spinach - Packaged','Mauris enim leo, rhoncus sed, vestibulum sit amet, cursus id, turpis. Integer aliquet, massa id lobortis convallis, tortor risus dapibus augue, vel accumsan tellus nisi eu orci. Mauris lacinia sapien quis libero.',8,67)
    ,(68,1,'Pork - Kidney','Quisque id justo sit amet sapien dignissim vestibulum. Vestibulum ante ipsum primis in faucibus orci luctus et ultrices posuere cubilia Curae; Nulla dapibus dolor vel est. Donec odio justo, sollicitudin ut, suscipit a, feugiat et, eros.',9,68)
    ,(69,10,'Tea - Mint','Cras non velit nec nisi vulputate nonummy. Maecenas tincidunt lacus at velit. Vivamus vel nulla eget eros elementum pellentesque.',13,69)
    ,(70,6,'Beef - Shank','In hac habitasse platea dictumst. Morbi vestibulum, velit id pretium iaculis, diam erat fermentum justo, nec condimentum neque sapien placerat ante. Nulla justo.',96,70)
    ,(71,11,'Sterno - Chafing Dish Fuel','Integer tincidunt ante vel ipsum. Praesent blandit lacinia erat. Vestibulum sed magna at nunc commodo placerat.',90,71)
    ,(72,13,'Chicken - Bones','Cum sociis natoque penatibus et magnis dis parturient montes, nascetur ridiculus mus. Vivamus vestibulum sagittis sapien. Cum sociis natoque penatibus et magnis dis parturient montes, nascetur ridiculus mus.',67,72)
    ,(73,2,'Jam - Strawberry, 20 Ml Jar','In congue. Etiam justo. Etiam pretium iaculis justo.',4,73)
    ,(74,4,'Mushroom - Chanterelle, Dry','Suspendisse potenti. In eleifend quam a odio. In hac habitasse platea dictumst.',20,74)
    ,(75,17,'Cumin - Whole','Praesent id massa id nisl venenatis lacinia. Aenean sit amet justo. Morbi ut odio.',32,75)
    ,(76,12,'Saskatoon Berries - Frozen','In quis justo. Maecenas rhoncus aliquam lacus. Morbi quis tortor id nulla ultrices aliquet.',64,76)
    ,(77,15,'Pepper - Sorrano','Integer ac leo. Pellentesque ultrices mattis odio. Donec vitae nisi.',86,77)
    ,(78,3,'Nantucket Cranberry Juice','Sed sagittis. Nam congue, risus semper porta volutpat, quam pede lobortis ligula, sit amet eleifend pede libero quis orci. Nullam molestie nibh in lectus.',66,78)
    ,(79,5,'Milk - 2% 250 Ml','Pellentesque at nulla. Suspendisse potenti. Cras in purus eu magna vulputate luctus.',95,79)
    ,(80,18,'Olives - Morracan Dired','Phasellus in felis. Donec semper sapien a libero. Nam dui.',77,80)
    ,(81,6,'Spice - Peppercorn Melange','Integer tincidunt ante vel ipsum. Praesent blandit lacinia erat. Vestibulum sed magna at nunc commodo placerat.',85,81)
    ,(82,12,'Mayonnaise - Individual Pkg','Cum sociis natoque penatibus et magnis dis parturient montes, nascetur ridiculus mus. Vivamus vestibulum sagittis sapien. Cum sociis natoque penatibus et magnis dis parturient montes, nascetur ridiculus mus.',35,82)
    ,(83,15,'Corn - On The Cob','Cras non velit nec nisi vulputate nonummy. Maecenas tincidunt lacus at velit. Vivamus vel nulla eget eros elementum pellentesque.',8,83)
    ,(84,1,'Truffle - Peelings','Integer ac leo. Pellentesque ultrices mattis odio. Donec vitae nisi.',3,84)
    ,(85,5,'Cheese - Stilton','Aliquam quis turpis eget elit sodales scelerisque. Mauris sit amet eros. Suspendisse accumsan tortor quis turpis.',29,85)
    ,(86,17,'Papayas','Fusce consequat. Nulla nisl. Nunc nisl.',42,86)
    ,(87,8,'Cheese - Woolwich Goat, Log','Curabitur gravida nisi at nibh. In hac habitasse platea dictumst. Aliquam augue quam, sollicitudin vitae, consectetuer eget, rutrum at, lorem.',26,87)
    ,(88,16,'Sage - Ground','Aliquam quis turpis eget elit sodales scelerisque. Mauris sit amet eros. Suspendisse accumsan tortor quis turpis.',76,88)
    ,(89,10,'Wine - Vovray Sec Domaine Huet','Mauris enim leo, rhoncus sed, vestibulum sit amet, cursus id, turpis. Integer aliquet, massa id lobortis convallis, tortor risus dapibus augue, vel accumsan tellus nisi eu orci. Mauris lacinia sapien quis libero.',39,89)
    ,(90,3,'Crush - Cream Soda','Fusce posuere felis sed lacus. Morbi sem mauris, laoreet ut, rhoncus aliquet, pulvinar sed, nisl. Nunc rhoncus dui vel sem.',97,90)
    ,(91,1,'Pepper - Paprika, Hungarian','Cum sociis natoque penatibus et magnis dis parturient montes, nascetur ridiculus mus. Vivamus vestibulum sagittis sapien. Cum sociis natoque penatibus et magnis dis parturient montes, nascetur ridiculus mus.',78,91)
    ,(92,17,'Pickles - Gherkins','Morbi non lectus. Aliquam sit amet diam in magna bibendum imperdiet. Nullam orci pede, venenatis non, sodales sed, tincidunt eu, felis.',6,92)
    ,(93,2,'Nori Sea Weed','Duis bibendum, felis sed interdum venenatis, turpis enim blandit mi, in porttitor pede justo eu massa. Donec dapibus. Duis at velit eu est congue elementum.',64,93)
    ,(94,11,'Chicken - Whole','Cras non velit nec nisi vulputate nonummy. Maecenas tincidunt lacus at velit. Vivamus vel nulla eget eros elementum pellentesque.',42,94)
    ,(95,6,'Mushroom - White Button','Nam ultrices, libero non mattis pulvinar, nulla pede ullamcorper augue, a suscipit nulla elit ac nulla. Sed vel enim sit amet nunc viverra dapibus. Nulla suscipit ligula in lacus.',69,95)
    ,(96,13,'Chocolate - Milk, Callets','Sed sagittis. Nam congue, risus semper porta volutpat, quam pede lobortis ligula, sit amet eleifend pede libero quis orci. Nullam molestie nibh in lectus.',91,96)
    ,(97,14,'Coffee Cup 12oz 5342cd','Duis consequat dui nec nisi volutpat eleifend. Donec ut dolor. Morbi vel lectus in quam fringilla rhoncus.',50,97)
    ,(98,10,'Lid - 16 Oz And 32 Oz','Aliquam quis turpis eget elit sodales scelerisque. Mauris sit amet eros. Suspendisse accumsan tortor quis turpis.',93,98)
    ,(99,5,'Mcguinness - Blue Curacao','Curabitur gravida nisi at nibh. In hac habitasse platea dictumst. Aliquam augue quam, sollicitudin vitae, consectetuer eget, rutrum at, lorem.',45,99)
    ,(100,18,'Alize Gold Passion','Integer tincidunt ante vel ipsum. Praesent blandit lacinia erat. Vestibulum sed magna at nunc commodo placerat.',8,100)
    ,(101,18,'Gatorade - Lemon Lime','Integer ac leo. Pellentesque ultrices mattis odio. Donec vitae nisi.',31,101)
    ,(102,16,'Bread - Corn Muffaletta','Duis bibendum. Morbi non quam nec dui luctus rutrum. Nulla tellus.',37,102)
    ,(103,12,'Cilantro / Coriander - Fresh','In quis justo. Maecenas rhoncus aliquam lacus. Morbi quis tortor id nulla ultrices aliquet.',3,103)
    ,(104,14,'Pork - Loin, Center Cut','Donec diam neque, vestibulum eget, vulputate ut, ultrices vel, augue. Vestibulum ante ipsum primis in faucibus orci luctus et ultrices posuere cubilia Curae; Donec pharetra, magna vestibulum aliquet ultrices, erat tortor sollicitudin mi, sit amet lobortis sapien sapien non mi. Integer ac neque.',98,104)
    ,(105,15,'Calaloo','Duis bibendum. Morbi non quam nec dui luctus rutrum. Nulla tellus.',36,105)
    ,(106,13,'Soup Campbells','Fusce posuere felis sed lacus. Morbi sem mauris, laoreet ut, rhoncus aliquet, pulvinar sed, nisl. Nunc rhoncus dui vel sem.',93,106)
    ,(107,5,'Cheese - Perron Cheddar','Proin interdum mauris non ligula pellentesque ultrices. Phasellus id sapien in sapien iaculis congue. Vivamus metus arcu, adipiscing molestie, hendrerit at, vulputate vitae, nisl.',61,107)
    ,(108,8,'Soup - Verve - Chipotle Chicken','Cras mi pede, malesuada in, imperdiet et, commodo vulputate, justo. In blandit ultrices enim. Lorem ipsum dolor sit amet, consectetuer adipiscing elit.',37,108)
    ,(109,19,'Flour - Chickpea','Proin leo odio, porttitor id, consequat in, consequat ut, nulla. Sed accumsan felis. Ut at dolor quis odio consequat varius.',41,109)
    ,(110,20,'Emulsifier','Quisque porta volutpat erat. Quisque erat eros, viverra eget, congue eget, semper rutrum, nulla. Nunc purus.',68,110)
    ,(111,14,'Muffin Batt - Carrot Spice','Proin eu mi. Nulla ac enim. In tempor, turpis nec euismod scelerisque, quam turpis adipiscing lorem, vitae mattis nibh ligula nec sem.',56,111)
    ,(112,11,'Langers - Mango Nectar','Pellentesque at nulla. Suspendisse potenti. Cras in purus eu magna vulputate luctus.',55,112)
    ,(113,6,'Beans - Wax','Cum sociis natoque penatibus et magnis dis parturient montes, nascetur ridiculus mus. Vivamus vestibulum sagittis sapien. Cum sociis natoque penatibus et magnis dis parturient montes, nascetur ridiculus mus.',67,113)
    ,(114,16,'Sobe - Berry Energy','Cras mi pede, malesuada in, imperdiet et, commodo vulputate, justo. In blandit ultrices enim. Lorem ipsum dolor sit amet, consectetuer adipiscing elit.',90,114)
    ,(115,5,'Wine - Rosso Del Veronese Igt','Phasellus sit amet erat. Nulla tempus. Vivamus in felis eu sapien cursus vestibulum.',4,115)
    ,(116,4,'The Pop Shoppe - Cream Soda','Praesent blandit. Nam nulla. Integer pede justo, lacinia eget, tincidunt eget, tempus vel, pede.',82,116)
    ,(117,2,'Salami - Genova','Morbi non lectus. Aliquam sit amet diam in magna bibendum imperdiet. Nullam orci pede, venenatis non, sodales sed, tincidunt eu, felis.',22,117)
    ,(118,10,'Beer - Creemore','Curabitur at ipsum ac tellus semper interdum. Mauris ullamcorper purus sit amet nulla. Quisque arcu libero, rutrum ac, lobortis vel, dapibus at, diam.',77,118)
    ,(119,1,'Pie Shell - 5','Aenean fermentum. Donec ut mauris eget massa tempor convallis. Nulla neque libero, convallis eget, eleifend luctus, ultricies eu, nibh.',59,119)
    ,(120,20,'Vodka - Lemon, Absolut','Morbi porttitor lorem id ligula. Suspendisse ornare consequat lectus. In est risus, auctor sed, tristique in, tempus sit amet, sem.',84,120)
    ,(121,13,'Godiva White Chocolate','In congue. Etiam justo. Etiam pretium iaculis justo.',52,121)
    ,(122,5,'Cafe Royale','Nullam porttitor lacus at turpis. Donec posuere metus vitae ipsum. Aliquam non mauris.',19,122)
    ,(123,17,'Sauce - Apple, Unsweetened','Proin leo odio, porttitor id, consequat in, consequat ut, nulla. Sed accumsan felis. Ut at dolor quis odio consequat varius.',41,123)
    ,(124,7,'Salt - Celery','Curabitur at ipsum ac tellus semper interdum. Mauris ullamcorper purus sit amet nulla. Quisque arcu libero, rutrum ac, lobortis vel, dapibus at, diam.',65,124)
    ,(125,11,'Lamb Shoulder Boneless Nz','Phasellus in felis. Donec semper sapien a libero. Nam dui.',1,125)
    ,(126,16,'Icecream Bar - Del Monte','Nullam sit amet turpis elementum ligula vehicula consequat. Morbi a ipsum. Integer a nibh.',18,126)
    ,(127,12,'Energy Drink','Integer ac leo. Pellentesque ultrices mattis odio. Donec vitae nisi.',3,127)
    ,(128,4,'Bread - Multigrain','Nam ultrices, libero non mattis pulvinar, nulla pede ullamcorper augue, a suscipit nulla elit ac nulla. Sed vel enim sit amet nunc viverra dapibus. Nulla suscipit ligula in lacus.',83,128)
    ,(129,20,'Cucumber - Pickling Ontario','Cras non velit nec nisi vulputate nonummy. Maecenas tincidunt lacus at velit. Vivamus vel nulla eget eros elementum pellentesque.',39,129)
    ,(130,2,'Pepper - White, Whole','Proin eu mi. Nulla ac enim. In tempor, turpis nec euismod scelerisque, quam turpis adipiscing lorem, vitae mattis nibh ligula nec sem.',54,130)
    ,(131,14,'Longos - Lasagna Veg','In hac habitasse platea dictumst. Etiam faucibus cursus urna. Ut tellus.',49,131)
    ,(132,20,'Milk - 2%','Duis consequat dui nec nisi volutpat eleifend. Donec ut dolor. Morbi vel lectus in quam fringilla rhoncus.',46,132)
    ,(133,19,'Veal - Ground','Suspendisse potenti. In eleifend quam a odio. In hac habitasse platea dictumst.',37,133)
    ,(134,1,'Yokaline','Lorem ipsum dolor sit amet, consectetuer adipiscing elit. Proin risus. Praesent lectus.',91,134)
    ,(135,17,'Pepper - Green, Chili','Phasellus in felis. Donec semper sapien a libero. Nam dui.',26,135)
    ,(136,12,'Mushroom - Shitake, Fresh','Nulla ut erat id mauris vulputate elementum. Nullam varius. Nulla facilisi.',83,136)
    ,(137,8,'Bar Mix - Pina Colada, 355 Ml','Nullam sit amet turpis elementum ligula vehicula consequat. Morbi a ipsum. Integer a nibh.',87,137)
    ,(138,9,'Goulash Seasoning','Praesent id massa id nisl venenatis lacinia. Aenean sit amet justo. Morbi ut odio.',65,138)
    ,(139,15,'Garam Masala Powder','Proin interdum mauris non ligula pellentesque ultrices. Phasellus id sapien in sapien iaculis congue. Vivamus metus arcu, adipiscing molestie, hendrerit at, vulputate vitae, nisl.',79,139)
    ,(140,16,'Chocolate - Liqueur Cups With Foil','Quisque porta volutpat erat. Quisque erat eros, viverra eget, congue eget, semper rutrum, nulla. Nunc purus.',89,140)
    ,(141,1,'Walkers Special Old Whiskey','In hac habitasse platea dictumst. Morbi vestibulum, velit id pretium iaculis, diam erat fermentum justo, nec condimentum neque sapien placerat ante. Nulla justo.',72,141)
    ,(142,13,'Cheese - Grana Padano','In congue. Etiam justo. Etiam pretium iaculis justo.',7,142)
    ,(143,19,'Lamb Rack Frenched Australian','Cras non velit nec nisi vulputate nonummy. Maecenas tincidunt lacus at velit. Vivamus vel nulla eget eros elementum pellentesque.',60,143)
    ,(144,11,'Spinach - Packaged','Cum sociis natoque penatibus et magnis dis parturient montes, nascetur ridiculus mus. Vivamus vestibulum sagittis sapien. Cum sociis natoque penatibus et magnis dis parturient montes, nascetur ridiculus mus.',90,144)
    ,(145,12,'Neckerchief Blck','Vestibulum quam sapien, varius ut, blandit non, interdum in, ante. Vestibulum ante ipsum primis in faucibus orci luctus et ultrices posuere cubilia Curae; Duis faucibus accumsan odio. Curabitur convallis.',22,145)
    ,(146,6,'Sea Bass - Whole','In hac habitasse platea dictumst. Morbi vestibulum, velit id pretium iaculis, diam erat fermentum justo, nec condimentum neque sapien placerat ante. Nulla justo.',15,146)
    ,(147,16,'Apple - Delicious, Golden','Maecenas ut massa quis augue luctus tincidunt. Nulla mollis molestie lorem. Quisque ut erat.',94,147)
    ,(148,18,'Water - Green Tea Refresher','Proin interdum mauris non ligula pellentesque ultrices. Phasellus id sapien in sapien iaculis congue. Vivamus metus arcu, adipiscing molestie, hendrerit at, vulputate vitae, nisl.',33,148)
    ,(149,9,'Mushroom - Morel Frozen','Phasellus in felis. Donec semper sapien a libero. Nam dui.',95,149)
    ,(150,14,'Island Oasis - Wildberry','In sagittis dui vel nisl. Duis ac nibh. Fusce lacus purus, aliquet at, feugiat non, pretium quis, lectus.',41,150)
    ,(151,9,'Bread - Flat Bread','Fusce posuere felis sed lacus. Morbi sem mauris, laoreet ut, rhoncus aliquet, pulvinar sed, nisl. Nunc rhoncus dui vel sem.',46,151)
    ,(152,10,'Nacho Chips','Lorem ipsum dolor sit amet, consectetuer adipiscing elit. Proin risus. Praesent lectus.',34,152)
    ,(153,13,'Coffee - Decafenated','Phasellus sit amet erat. Nulla tempus. Vivamus in felis eu sapien cursus vestibulum.',68,153)
    ,(154,6,'Veal - Insides Provini','Aliquam quis turpis eget elit sodales scelerisque. Mauris sit amet eros. Suspendisse accumsan tortor quis turpis.',62,154)
    ,(155,14,'Milk - Homo','Mauris enim leo, rhoncus sed, vestibulum sit amet, cursus id, turpis. Integer aliquet, massa id lobortis convallis, tortor risus dapibus augue, vel accumsan tellus nisi eu orci. Mauris lacinia sapien quis libero.',81,155)
    ,(156,7,'Bread - Bagels, Plain','Morbi porttitor lorem id ligula. Suspendisse ornare consequat lectus. In est risus, auctor sed, tristique in, tempus sit amet, sem.',53,156)
    ,(157,20,'Tart - Raisin And Pecan','Praesent id massa id nisl venenatis lacinia. Aenean sit amet justo. Morbi ut odio.',46,157)
    ,(158,1,'Brownies - Two Bite, Chocolate','Duis bibendum. Morbi non quam nec dui luctus rutrum. Nulla tellus.',76,158)
    ,(159,11,'Bacardi Breezer - Strawberry','Integer ac leo. Pellentesque ultrices mattis odio. Donec vitae nisi.',79,159)
    ,(160,2,'Sauce - Apple, Unsweetened','Maecenas tristique, est et tempus semper, est quam pharetra magna, ac consequat metus sapien ut nunc. Vestibulum ante ipsum primis in faucibus orci luctus et ultrices posuere cubilia Curae; Mauris viverra diam vitae quam. Suspendisse potenti.',95,160)
    ,(161,3,'Transfer Sheets','Integer tincidunt ante vel ipsum. Praesent blandit lacinia erat. Vestibulum sed magna at nunc commodo placerat.',15,161)
    ,(162,18,'Bread - Olive','Fusce consequat. Nulla nisl. Nunc nisl.',78,162)
    ,(163,16,'Soda Water - Club Soda, 355 Ml','Integer tincidunt ante vel ipsum. Praesent blandit lacinia erat. Vestibulum sed magna at nunc commodo placerat.',91,163)
    ,(164,10,'Pasta - Orzo, Dry','Nam ultrices, libero non mattis pulvinar, nulla pede ullamcorper augue, a suscipit nulla elit ac nulla. Sed vel enim sit amet nunc viverra dapibus. Nulla suscipit ligula in lacus.',40,164)
    ,(165,14,'Nantucket Orange Juice','Nullam porttitor lacus at turpis. Donec posuere metus vitae ipsum. Aliquam non mauris.',7,165)
    ,(166,6,'Lettuce - Baby Salad Greens','Praesent id massa id nisl venenatis lacinia. Aenean sit amet justo. Morbi ut odio.',29,166)
    ,(167,2,'Crab Meat Claw Pasteurise','Morbi non lectus. Aliquam sit amet diam in magna bibendum imperdiet. Nullam orci pede, venenatis non, sodales sed, tincidunt eu, felis.',2,167)
    ,(168,20,'Tart Shells - Barquettes, Savory','Maecenas leo odio, condimentum id, luctus nec, molestie sed, justo. Pellentesque viverra pede ac diam. Cras pellentesque volutpat dui.',93,168)
    ,(169,9,'Lettuce - Arugula','Quisque porta volutpat erat. Quisque erat eros, viverra eget, congue eget, semper rutrum, nulla. Nunc purus.',99,169)
    ,(170,1,'Wine - Red, Wolf Blass, Yellow','Lorem ipsum dolor sit amet, consectetuer adipiscing elit. Proin risus. Praesent lectus.',26,170)
    ,(171,8,'Bagelers','Fusce consequat. Nulla nisl. Nunc nisl.',37,171)
    ,(172,5,'Wine - Barossa Valley Estate','Duis aliquam convallis nunc. Proin at turpis a pede posuere nonummy. Integer non velit.',34,172)
    ,(173,11,'Fish - Halibut, Cold Smoked','Aenean fermentum. Donec ut mauris eget massa tempor convallis. Nulla neque libero, convallis eget, eleifend luctus, ultricies eu, nibh.',34,173)
    ,(174,10,'Salt - Celery','Praesent id massa id nisl venenatis lacinia. Aenean sit amet justo. Morbi ut odio.',85,174)
    ,(175,6,'Lobster - Cooked','Lorem ipsum dolor sit amet, consectetuer adipiscing elit. Proin risus. Praesent lectus.',57,175)
    ,(176,12,'Chinese Foods - Chicken Wing','Aenean fermentum. Donec ut mauris eget massa tempor convallis. Nulla neque libero, convallis eget, eleifend luctus, ultricies eu, nibh.',60,176)
    ,(177,13,'Beets - Golden','Maecenas tristique, est et tempus semper, est quam pharetra magna, ac consequat metus sapien ut nunc. Vestibulum ante ipsum primis in faucibus orci luctus et ultrices posuere cubilia Curae; Mauris viverra diam vitae quam. Suspendisse potenti.',6,177)
    ,(178,15,'Cheese - Marble','In quis justo. Maecenas rhoncus aliquam lacus. Morbi quis tortor id nulla ultrices aliquet.',28,178)
    ,(179,19,'Garbage Bag - Clear','Pellentesque at nulla. Suspendisse potenti. Cras in purus eu magna vulputate luctus.',60,179)
    ,(180,1,'Honey - Comb','Duis consequat dui nec nisi volutpat eleifend. Donec ut dolor. Morbi vel lectus in quam fringilla rhoncus.',61,180)
    ,(181,9,'Basil - Dry, Rubbed','Duis bibendum, felis sed interdum venenatis, turpis enim blandit mi, in porttitor pede justo eu massa. Donec dapibus. Duis at velit eu est congue elementum.',21,181)
    ,(182,14,'Lettuce - Red Leaf','Quisque id justo sit amet sapien dignissim vestibulum. Vestibulum ante ipsum primis in faucibus orci luctus et ultrices posuere cubilia Curae; Nulla dapibus dolor vel est. Donec odio justo, sollicitudin ut, suscipit a, feugiat et, eros.',12,182)
    ,(183,18,'Ecolab - Power Fusion','In sagittis dui vel nisl. Duis ac nibh. Fusce lacus purus, aliquet at, feugiat non, pretium quis, lectus.',84,183)
    ,(184,12,'Baking Soda','Mauris enim leo, rhoncus sed, vestibulum sit amet, cursus id, turpis. Integer aliquet, massa id lobortis convallis, tortor risus dapibus augue, vel accumsan tellus nisi eu orci. Mauris lacinia sapien quis libero.',16,184)
    ,(185,2,'Wanton Wrap','Integer ac leo. Pellentesque ultrices mattis odio. Donec vitae nisi.',65,185)
    ,(186,7,'Cheese - Pont Couvert','Nam ultrices, libero non mattis pulvinar, nulla pede ullamcorper augue, a suscipit nulla elit ac nulla. Sed vel enim sit amet nunc viverra dapibus. Nulla suscipit ligula in lacus.',87,186)
    ,(187,8,'Muffin Hinge Container 6','Proin leo odio, porttitor id, consequat in, consequat ut, nulla. Sed accumsan felis. Ut at dolor quis odio consequat varius.',38,187)
    ,(188,20,'Wine - Bouchard La Vignee Pinot','In quis justo. Maecenas rhoncus aliquam lacus. Morbi quis tortor id nulla ultrices aliquet.',95,188)
    ,(189,1,'Dawn Professionl Pot And Pan','In hac habitasse platea dictumst. Etiam faucibus cursus urna. Ut tellus.',69,189)
    ,(190,4,'Bar Energy Chocchip','Maecenas leo odio, condimentum id, luctus nec, molestie sed, justo. Pellentesque viverra pede ac diam. Cras pellentesque volutpat dui.',74,190)
    ,(191,16,'Bar - Granola Trail Mix Fruit Nut','Maecenas leo odio, condimentum id, luctus nec, molestie sed, justo. Pellentesque viverra pede ac diam. Cras pellentesque volutpat dui.',22,191)
    ,(192,7,'Truffle Shells - White Chocolate','Pellentesque at nulla. Suspendisse potenti. Cras in purus eu magna vulputate luctus.',98,192)
    ,(193,14,'Sage - Fresh','Phasellus sit amet erat. Nulla tempus. Vivamus in felis eu sapien cursus vestibulum.',61,193)
    ,(194,6,'Appetizer - Mushroom Tart','Praesent id massa id nisl venenatis lacinia. Aenean sit amet justo. Morbi ut odio.',63,194)
    ,(195,18,'Tray - 16in Rnd Blk','Sed ante. Vivamus tortor. Duis mattis egestas metus.',32,195)
    ,(196,9,'Flower - Commercial Bronze','Duis bibendum. Morbi non quam nec dui luctus rutrum. Nulla tellus.',57,196)
    ,(197,20,'Soup - Knorr, French Onion','Sed sagittis. Nam congue, risus semper porta volutpat, quam pede lobortis ligula, sit amet eleifend pede libero quis orci. Nullam molestie nibh in lectus.',40,197)
    ,(198,1,'Yeast Dry - Fleischman','Lorem ipsum dolor sit amet, consectetuer adipiscing elit. Proin risus. Praesent lectus.',81,198)
    ,(199,4,'Beef - Ox Tongue','Aliquam quis turpis eget elit sodales scelerisque. Mauris sit amet eros. Suspendisse accumsan tortor quis turpis.',71,199)
    ,(200,3,'Lamb - Rack','Lorem ipsum dolor sit amet, consectetuer adipiscing elit. Proin risus. Praesent lectus.',21,200);

-- Payment Info
INSERT INTO Payment_Info(payment_id,customer_id,cc,zip,expiration,cvv) VALUES
    (1,1,'5048371957221912',37861,'7/14/2024',766)
    ,(2,2,'5048375944209724',40827,'11/4/2027',540)
    ,(3,3,'5048375603707042',25618,'10/9/2025',401)
    ,(4,4,'5108755460944084',29154,'10/10/2028',227)
    ,(5,5,'5108752284033574',12064,'4/30/2028',148)
    ,(6,6,'5108755699591482',85278,'1/18/2025',896)
    ,(7,7,'5108750302232400',94927,'4/16/2026',728)
    ,(8,8,'5108758885173396',20284,'3/13/2028',860)
    ,(9,9,'5108752067733127',36517,'1/23/2023',176)
    ,(10,10,'5048374993427295',40322,'8/14/2028',247)
    ,(11,11,'5048370581625001',25051,'2/15/2023',468)
    ,(12,12,'5048377555998686',99306,'1/7/2029',181)
    ,(13,13,'5108750665423273',63577,'4/25/2023',909)
    ,(14,14,'5108753174682090',47143,'11/6/2026',675)
    ,(15,15,'5048372716178906',79516,'8/26/2028',481)
    ,(16,16,'5048376186908122',83781,'4/19/2027',389)
    ,(17,17,'5048379117717505',98283,'5/16/2023',602)
    ,(18,18,'5108755320006520',62817,'3/25/2029',114)
    ,(19,19,'5108752662803465',85611,'1/8/2025',366)
    ,(20,20,'5108754180386841',78112,'8/19/2023',548)
    ,(21,21,'5108753338333341',95487,'9/20/2022',690)
    ,(22,22,'5108756728800597',16548,'6/9/2028',274)
    ,(23,23,'5108753898407402',37599,'12/26/2028',947)
    ,(24,24,'5048379212385422',19745,'4/6/2028',969)
    ,(25,25,'5048373501605335',63793,'12/23/2028',561)
    ,(26,26,'5048377987437642',28680,'11/12/2026',646)
    ,(27,27,'5048377938702433',92837,'1/7/2023',784)
    ,(28,28,'5108751120441199',93102,'6/19/2029',166)
    ,(29,29,'5108753108030127',57518,'11/18/2029',644)
    ,(30,30,'5048373838022782',85905,'6/27/2025',149)
    ,(31,31,'5108751593883059',21987,'12/3/2025',947)
    ,(32,32,'5108752169109200',84375,'2/26/2024',796)
    ,(33,33,'5048372331608584',65190,'10/20/2029',537)
    ,(34,34,'5108757200067739',43870,'9/30/2023',927)
    ,(35,35,'5048376775126979',42901,'9/12/2024',963)
    ,(36,36,'5048379900944662',90687,'9/9/2029',447)
    ,(37,37,'5048374226852616',73313,'1/4/2024',547)
    ,(38,38,'5048370592916829',10925,'9/3/2029',812)
    ,(39,39,'5048373511086500',95754,'8/11/2029',126)
    ,(40,40,'5108753313052791',80724,'1/11/2028',415)
    ,(41,41,'5048374704423377',94292,'6/28/2024',811)
    ,(42,42,'5108758795741100',79369,'5/13/2027',117)
    ,(43,43,'5048377024809530',16512,'12/1/2023',919)
    ,(44,44,'5108757977897474',17743,'2/28/2024',721)
    ,(45,45,'5048379977720425',73743,'6/9/2022',645)
    ,(46,46,'5048372267155170',44680,'9/5/2029',395)
    ,(47,47,'5108758447972301',96506,'2/19/2025',589)
    ,(48,48,'5048375590629183',72305,'12/11/2023',965)
    ,(49,49,'5048379927321332',80059,'8/30/2025',409)
    ,(50,50,'5108755407159093',71380,'6/15/2022',339)
    ,(51,51,'5048373751503743',23356,'12/14/2022',452)
    ,(52,52,'5108750422349290',95493,'9/13/2023',250)
    ,(53,53,'5108752454049988',58988,'11/15/2023',114)
    ,(54,54,'5048375019613024',47133,'9/29/2023',147)
    ,(55,55,'5048374377190055',30187,'6/22/2026',134)
    ,(56,56,'5048371839286331',25831,'6/7/2027',346)
    ,(57,57,'5048378764782333',40186,'7/26/2025',406)
    ,(58,58,'5108752138299587',30648,'5/15/2025',109)
    ,(59,59,'5108752344026006',30845,'3/1/2028',966)
    ,(60,60,'5048376051179544',22174,'1/21/2026',393)
    ,(61,61,'5108758779341877',95802,'3/30/2029',628)
    ,(62,62,'5048373600439743',55595,'1/11/2027',374)
    ,(63,63,'5048373670527153',35050,'9/5/2024',326)
    ,(64,64,'5048375144723136',70256,'10/8/2025',498)
    ,(65,65,'5108756804512322',42607,'11/1/2027',649)
    ,(66,66,'5048370348977018',73527,'12/11/2028',221)
    ,(67,67,'5108759519928494',28732,'11/29/2022',598)
    ,(68,68,'5048372966581148',29732,'8/4/2025',104)
    ,(69,69,'5048376332556247',77322,'12/7/2029',190)
    ,(70,70,'5108752404970093',43820,'5/11/2029',640)
    ,(71,71,'5108754099131098',31656,'7/15/2025',680)
    ,(72,72,'5108755869680941',91918,'6/3/2024',594)
    ,(73,73,'5108759145762911',63684,'8/27/2025',649)
    ,(74,74,'5048375464885846',27867,'9/3/2025',209)
    ,(75,75,'5108755427665194',73728,'5/5/2026',959)
    ,(76,76,'5108756184827886',78317,'10/5/2025',668)
    ,(77,77,'5108751386211021',66232,'8/7/2029',796)
    ,(78,78,'5048373981203619',47502,'9/4/2022',767)
    ,(79,79,'5108756639157947',89613,'11/10/2025',819)
    ,(80,80,'5108758651381488',10286,'9/24/2026',475)
    ,(81,81,'5048378665038769',67614,'12/1/2029',633)
    ,(82,82,'5108758711699481',21521,'11/8/2029',240)
    ,(83,83,'5048378519287307',50795,'9/6/2024',445)
    ,(84,84,'5108754891701387',65216,'2/23/2027',764)
    ,(85,85,'5108755680012803',33981,'12/21/2022',810)
    ,(86,86,'5048371955898760',93244,'10/5/2024',385)
    ,(87,87,'5048371182977734',95930,'7/29/2028',606)
    ,(88,88,'5048376954438492',62702,'9/15/2028',948)
    ,(89,89,'5108755457422789',40013,'3/13/2026',447)
    ,(90,90,'5048373779249071',88873,'12/18/2029',353)
    ,(91,91,'5048371508813530',55823,'3/30/2023',996)
    ,(92,92,'5108751561371293',51309,'4/10/2028',653)
    ,(93,93,'5048379655237973',38241,'10/8/2023',805)
    ,(94,94,'5108757797926560',20902,'4/5/2027',985)
    ,(95,95,'5048372832310730',21631,'8/22/2028',989)
    ,(96,96,'5108755806264338',36704,'12/20/2023',818)
    ,(97,97,'5048371460933805',48903,'3/14/2024',712)
    ,(98,98,'5108753102854779',33975,'11/6/2023',868)
    ,(99,99,'5108758264458046',98293,'7/26/2022',177)
    ,(100,100,'5048372459503336',23642,'1/1/2029',887)
    ,(101,1,'5108759316423251',78446,'6/8/2026',659)
    ,(102,2,'5108752155102391',29007,'8/24/2023',550)
    ,(103,3,'5048375769660282',21815,'8/28/2029',178)
    ,(104,4,'5108750860535780',46423,'10/30/2025',256)
    ,(105,5,'5108758131272067',56860,'3/21/2026',164)
    ,(106,6,'5048373796450595',41140,'2/2/2028',309)
    ,(107,7,'5048373249592969',83612,'11/12/2028',775)
    ,(108,8,'5108753169923855',88497,'10/8/2028',668)
    ,(109,9,'5048372383249121',64738,'12/1/2026',971)
    ,(110,10,'5108754197816871',23922,'10/21/2024',828)
    ,(111,11,'5048378325850926',46839,'4/9/2028',762)
    ,(112,12,'5108757203334755',23799,'4/25/2027',202)
    ,(113,13,'5108758803618571',89100,'12/30/2026',615)
    ,(114,14,'5108758328298834',28853,'12/22/2023',721)
    ,(115,15,'5048371965662602',14967,'12/27/2026',424)
    ,(116,16,'5048371477298556',37526,'8/8/2029',267)
    ,(117,17,'5048371080243270',77114,'2/27/2029',115)
    ,(118,18,'5048372111714479',79755,'7/22/2024',992)
    ,(119,19,'5108752734143015',24221,'7/18/2027',920)
    ,(120,20,'5048375388838194',58253,'8/12/2025',210);

-- Restaurant Review
INSERT INTO Restaurant_Review(review_id,customer_id,restaurant_id,score,review,review_date) VALUES
    (1,6,2,2,NULL,'2023-01-03 05:04:25')
    ,(2,68,9,4,NULL,'2022-11-28 04:37:36')
    ,(3,46,6,4,NULL,'2023-02-11 08:41:54')
    ,(4,14,1,3,NULL,'2023-03-03 22:22:40')
    ,(5,51,12,3,'In sagittis dui vel nisl. Duis ac nibh. Fusce lacus purus, aliquet at, feugiat non, pretium quis, lectus.','2022-10-08 02:10:16')
    ,(6,22,5,5,NULL,'2022-11-13 23:57:17')
    ,(7,52,7,2,NULL,'2022-12-24 11:46:52')
    ,(8,49,18,1,NULL,'2023-03-20 03:53:13')
    ,(9,55,6,5,NULL,'2022-09-18 23:40:05')
    ,(10,97,11,3,NULL,'2022-08-06 13:50:25')
    ,(11,91,10,5,'In congue. Etiam justo. Etiam pretium iaculis justo.','2023-02-16 15:40:28')
    ,(12,9,1,4,'Vestibulum quam sapien, varius ut, blandit non, interdum in, ante. Vestibulum ante ipsum primis in faucibus orci luctus et ultrices posuere cubilia Curae; Duis faucibus accumsan odio. Curabitur convallis.','2022-06-14 10:24:47')
    ,(13,50,5,5,'Nulla ut erat id mauris vulputate elementum. Nullam varius. Nulla facilisi.','2023-01-13 03:59:52')
    ,(14,72,6,2,'Curabitur in libero ut massa volutpat convallis. Morbi odio odio, elementum eu, interdum eu, tincidunt in, leo. Maecenas pulvinar lobortis est.','2022-11-11 06:44:53')
    ,(15,5,12,5,NULL,'2022-07-08 10:20:56')
    ,(16,68,17,5,'Praesent id massa id nisl venenatis lacinia. Aenean sit amet justo. Morbi ut odio.','2022-07-06 05:06:47')
    ,(17,79,16,3,'Proin leo odio, porttitor id, consequat in, consequat ut, nulla. Sed accumsan felis. Ut at dolor quis odio consequat varius.','2022-09-17 19:51:41')
    ,(18,51,7,1,NULL,'2023-04-05 11:44:09')
    ,(19,74,12,3,NULL,'2022-11-23 22:45:00')
    ,(20,65,6,5,NULL,'2023-01-15 02:57:30')
    ,(21,10,12,5,NULL,'2022-06-05 23:02:23')
    ,(22,49,3,3,'Quisque id justo sit amet sapien dignissim vestibulum. Vestibulum ante ipsum primis in faucibus orci luctus et ultrices posuere cubilia Curae; Nulla dapibus dolor vel est. Donec odio justo, sollicitudin ut, suscipit a, feugiat et, eros.','2022-09-16 05:42:46')
    ,(23,79,20,5,'Maecenas leo odio, condimentum id, luctus nec, molestie sed, justo. Pellentesque viverra pede ac diam. Cras pellentesque volutpat dui.','2023-01-28 07:41:35')
    ,(24,88,10,3,'Etiam vel augue. Vestibulum rutrum rutrum neque. Aenean auctor gravida sem.','2022-08-09 06:07:10')
    ,(25,78,18,3,NULL,'2022-10-18 02:30:41')
    ,(26,72,13,2,'Integer ac leo. Pellentesque ultrices mattis odio. Donec vitae nisi.','2023-03-01 09:17:02')
    ,(27,56,8,1,NULL,'2023-03-14 05:14:08')
    ,(28,42,11,3,'Quisque porta volutpat erat. Quisque erat eros, viverra eget, congue eget, semper rutrum, nulla. Nunc purus.','2023-03-06 00:46:25')
    ,(29,45,5,2,'Phasellus in felis. Donec semper sapien a libero. Nam dui.','2023-03-24 09:47:27')
    ,(30,3,15,1,'Donec diam neque, vestibulum eget, vulputate ut, ultrices vel, augue. Vestibulum ante ipsum primis in faucibus orci luctus et ultrices posuere cubilia Curae; Donec pharetra, magna vestibulum aliquet ultrices, erat tortor sollicitudin mi, sit amet lobortis sapien sapien non mi. Integer ac neque.','2022-08-15 13:50:05')
    ,(31,87,9,3,'Curabitur at ipsum ac tellus semper interdum. Mauris ullamcorper purus sit amet nulla. Quisque arcu libero, rutrum ac, lobortis vel, dapibus at, diam.','2022-06-03 17:26:23')
    ,(32,54,10,5,NULL,'2022-11-22 00:55:33')
    ,(33,69,2,3,NULL,'2023-02-25 17:57:23')
    ,(34,25,12,3,'Duis aliquam convallis nunc. Proin at turpis a pede posuere nonummy. Integer non velit.','2023-03-16 15:56:15')
    ,(35,24,8,2,'In hac habitasse platea dictumst. Morbi vestibulum, velit id pretium iaculis, diam erat fermentum justo, nec condimentum neque sapien placerat ante. Nulla justo.','2023-03-27 03:29:59')
    ,(36,95,12,3,NULL,'2022-12-29 20:49:44')
    ,(37,20,4,5,NULL,'2022-08-11 14:41:24')
    ,(38,41,11,3,'Aenean lectus. Pellentesque eget nunc. Donec quis orci eget orci vehicula condimentum.','2023-03-05 08:36:13')
    ,(39,36,14,4,'Nullam porttitor lacus at turpis. Donec posuere metus vitae ipsum. Aliquam non mauris.','2022-12-29 19:01:03')
    ,(40,21,2,1,'Praesent id massa id nisl venenatis lacinia. Aenean sit amet justo. Morbi ut odio.','2023-03-01 13:10:58')
    ,(41,60,14,2,'Lorem ipsum dolor sit amet, consectetuer adipiscing elit. Proin risus. Praesent lectus.','2022-12-03 19:57:24')
    ,(42,39,1,3,'Aenean lectus. Pellentesque eget nunc. Donec quis orci eget orci vehicula condimentum.','2023-02-23 18:12:57')
    ,(43,42,19,3,NULL,'2022-08-31 13:55:59')
    ,(44,94,2,5,'Duis bibendum. Morbi non quam nec dui luctus rutrum. Nulla tellus.','2022-08-04 17:30:53')
    ,(45,25,20,3,NULL,'2022-06-13 10:25:52')
    ,(46,68,12,4,'In hac habitasse platea dictumst. Etiam faucibus cursus urna. Ut tellus.','2022-06-23 11:34:52')
    ,(47,21,10,1,'Proin eu mi. Nulla ac enim. In tempor, turpis nec euismod scelerisque, quam turpis adipiscing lorem, vitae mattis nibh ligula nec sem.','2023-04-03 20:23:12')
    ,(48,82,18,3,NULL,'2022-10-14 23:33:37')
    ,(49,55,11,2,NULL,'2022-07-29 12:48:58')
    ,(50,1,17,4,NULL,'2023-02-19 11:04:37')
    ,(51,84,14,5,NULL,'2022-09-29 11:37:38')
    ,(52,72,13,5,'Duis bibendum. Morbi non quam nec dui luctus rutrum. Nulla tellus.','2023-01-23 11:53:45')
    ,(53,53,17,2,'Donec diam neque, vestibulum eget, vulputate ut, ultrices vel, augue. Vestibulum ante ipsum primis in faucibus orci luctus et ultrices posuere cubilia Curae; Donec pharetra, magna vestibulum aliquet ultrices, erat tortor sollicitudin mi, sit amet lobortis sapien sapien non mi. Integer ac neque.','2022-07-03 05:33:53')
    ,(54,30,6,2,'In sagittis dui vel nisl. Duis ac nibh. Fusce lacus purus, aliquet at, feugiat non, pretium quis, lectus.','2023-03-06 02:43:29')
    ,(55,57,1,1,NULL,'2022-12-25 19:23:19')
    ,(56,42,13,4,NULL,'2023-03-29 17:46:32')
    ,(57,34,11,4,'Suspendisse potenti. In eleifend quam a odio. In hac habitasse platea dictumst.','2022-09-05 22:24:08')
    ,(58,64,12,2,'Etiam vel augue. Vestibulum rutrum rutrum neque. Aenean auctor gravida sem.','2022-08-20 02:27:44')
    ,(59,53,20,3,NULL,'2023-02-10 22:43:25')
    ,(60,45,18,3,NULL,'2023-02-10 15:26:53')
    ,(61,52,19,1,NULL,'2022-08-25 01:15:00')
    ,(62,15,17,3,NULL,'2022-06-22 15:45:03')
    ,(63,64,16,1,'Nam ultrices, libero non mattis pulvinar, nulla pede ullamcorper augue, a suscipit nulla elit ac nulla. Sed vel enim sit amet nunc viverra dapibus. Nulla suscipit ligula in lacus.','2022-07-26 01:02:44')
    ,(64,55,10,2,'Proin interdum mauris non ligula pellentesque ultrices. Phasellus id sapien in sapien iaculis congue. Vivamus metus arcu, adipiscing molestie, hendrerit at, vulputate vitae, nisl.','2023-02-17 23:08:04')
    ,(65,57,5,5,'Aenean lectus. Pellentesque eget nunc. Donec quis orci eget orci vehicula condimentum.','2022-06-26 10:20:56')
    ,(66,5,6,1,'Integer tincidunt ante vel ipsum. Praesent blandit lacinia erat. Vestibulum sed magna at nunc commodo placerat.','2022-11-21 12:00:01')
    ,(67,29,3,2,'Proin leo odio, porttitor id, consequat in, consequat ut, nulla. Sed accumsan felis. Ut at dolor quis odio consequat varius.','2022-07-23 12:14:49')
    ,(68,79,2,3,'Proin leo odio, porttitor id, consequat in, consequat ut, nulla. Sed accumsan felis. Ut at dolor quis odio consequat varius.','2022-06-28 00:56:17')
    ,(69,25,12,2,'Donec diam neque, vestibulum eget, vulputate ut, ultrices vel, augue. Vestibulum ante ipsum primis in faucibus orci luctus et ultrices posuere cubilia Curae; Donec pharetra, magna vestibulum aliquet ultrices, erat tortor sollicitudin mi, sit amet lobortis sapien sapien non mi. Integer ac neque.','2022-12-29 12:23:57')
    ,(70,77,11,2,'Duis bibendum. Morbi non quam nec dui luctus rutrum. Nulla tellus.','2023-01-21 01:30:26')
    ,(71,31,6,1,'Praesent id massa id nisl venenatis lacinia. Aenean sit amet justo. Morbi ut odio.','2023-02-20 21:08:36')
    ,(72,64,17,5,NULL,'2022-07-10 07:07:02')
    ,(73,9,14,4,'Duis bibendum. Morbi non quam nec dui luctus rutrum. Nulla tellus.','2023-02-16 08:34:29')
    ,(74,54,7,2,NULL,'2022-09-07 11:43:07')
    ,(75,63,18,3,NULL,'2022-12-07 09:50:35')
    ,(76,21,11,1,'Integer ac leo. Pellentesque ultrices mattis odio. Donec vitae nisi.','2022-11-06 11:48:58')
    ,(77,90,5,4,NULL,'2022-10-23 18:06:47')
    ,(78,83,14,1,'Fusce posuere felis sed lacus. Morbi sem mauris, laoreet ut, rhoncus aliquet, pulvinar sed, nisl. Nunc rhoncus dui vel sem.','2022-07-31 15:01:17')
    ,(79,15,18,1,'Donec diam neque, vestibulum eget, vulputate ut, ultrices vel, augue. Vestibulum ante ipsum primis in faucibus orci luctus et ultrices posuere cubilia Curae; Donec pharetra, magna vestibulum aliquet ultrices, erat tortor sollicitudin mi, sit amet lobortis sapien sapien non mi. Integer ac neque.','2022-10-07 16:47:48')
    ,(80,20,3,2,NULL,'2023-01-31 12:12:17')
    ,(81,16,5,5,NULL,'2023-01-26 20:48:26')
    ,(82,48,2,4,'Maecenas tristique, est et tempus semper, est quam pharetra magna, ac consequat metus sapien ut nunc. Vestibulum ante ipsum primis in faucibus orci luctus et ultrices posuere cubilia Curae; Mauris viverra diam vitae quam. Suspendisse potenti.','2023-03-16 08:57:50')
    ,(83,57,6,3,'Pellentesque at nulla. Suspendisse potenti. Cras in purus eu magna vulputate luctus.','2022-10-02 12:12:41')
    ,(84,26,10,5,'Proin leo odio, porttitor id, consequat in, consequat ut, nulla. Sed accumsan felis. Ut at dolor quis odio consequat varius.','2023-03-25 17:01:19')
    ,(85,32,9,1,'Nullam porttitor lacus at turpis. Donec posuere metus vitae ipsum. Aliquam non mauris.','2022-07-29 19:42:16')
    ,(86,7,17,5,NULL,'2022-11-06 08:08:17')
    ,(87,56,19,1,'Morbi non lectus. Aliquam sit amet diam in magna bibendum imperdiet. Nullam orci pede, venenatis non, sodales sed, tincidunt eu, felis.','2022-12-06 22:03:59')
    ,(88,18,9,5,NULL,'2022-11-02 01:02:58')
    ,(89,62,8,1,NULL,'2023-01-05 03:15:27')
    ,(90,17,5,4,'Proin leo odio, porttitor id, consequat in, consequat ut, nulla. Sed accumsan felis. Ut at dolor quis odio consequat varius.','2022-09-22 14:18:09')
    ,(91,55,9,2,NULL,'2023-03-20 11:53:25')
    ,(92,19,17,4,'Curabitur at ipsum ac tellus semper interdum. Mauris ullamcorper purus sit amet nulla. Quisque arcu libero, rutrum ac, lobortis vel, dapibus at, diam.','2022-06-05 07:02:51')
    ,(93,71,20,4,'Praesent id massa id nisl venenatis lacinia. Aenean sit amet justo. Morbi ut odio.','2022-08-15 17:08:51')
    ,(94,87,7,5,'In hac habitasse platea dictumst. Etiam faucibus cursus urna. Ut tellus.','2022-06-01 21:36:31')
    ,(95,51,10,1,NULL,'2023-02-18 20:45:08')
    ,(96,30,12,3,NULL,'2023-03-12 08:44:23')
    ,(97,37,5,5,NULL,'2022-06-09 06:52:41')
    ,(98,80,4,4,'Proin leo odio, porttitor id, consequat in, consequat ut, nulla. Sed accumsan felis. Ut at dolor quis odio consequat varius.','2022-08-11 22:52:28')
    ,(99,99,20,1,NULL,'2023-04-03 04:24:21')
    ,(100,82,13,5,NULL,'2023-01-14 10:07:54');

-- Billing Address
INSERT INTO Billing_Address(payment_id,customer_id,street_address,state,city,zip) VALUES
    (1,1,'39958 Dottie Way','California','Santa Clara',95054)
    ,(2,2,'92 Cody Point','Minnesota','Saint Paul',55127)
    ,(3,3,'4 Fallview Lane','Texas','San Antonio',78245)
    ,(4,4,'51 Ridgeway Pass','California','Santa Monica',90410)
    ,(5,5,'72013 Lillian Circle','Alabama','Birmingham',35279)
    ,(6,6,'7343 Golf Hill','Colorado','Denver',80243)
    ,(7,7,'54 Victoria Drive','Alabama','Montgomery',36125)
    ,(8,8,'1061 Havey Way','Iowa','Des Moines',50320)
    ,(9,9,'66 Banding Circle','Arizona','Phoenix',85067)
    ,(10,10,'058 Daystar Lane','Utah','Salt Lake City',84145)
    ,(11,11,'1087 Manitowish Road','New York','Utica',13505)
    ,(12,12,'6939 Elka Point','South Carolina','Florence',29505)
    ,(13,13,'659 Surrey Parkway','Florida','Pensacola',32511)
    ,(14,14,'83 Corben Crossing','Texas','Dallas',75358)
    ,(15,15,'88342 Montana Way','Virginia','Newport News',23612)
    ,(16,16,'6513 Bunker Hill Road','Mississippi','Jackson',39216)
    ,(17,17,'253 Waywood Street','Kentucky','Lexington',40581)
    ,(18,18,'3451 Westridge Center','Minnesota','Minneapolis',55458)
    ,(19,19,'3885 Summit Alley','Tennessee','Knoxville',37931)
    ,(20,20,'9036 Morning Street','Florida','Jacksonville',32204)
    ,(21,21,'241 Northport Road','South Carolina','Charleston',29403)
    ,(22,22,'7 Morrow Lane','California','Modesto',95354)
    ,(23,23,'342 Rigney Street','Ohio','Cincinnati',45223)
    ,(24,24,'50 Welch Alley','California','Corona',92883)
    ,(25,25,'08 Darwin Street','Virginia','Arlington',22212)
    ,(26,26,'03 Dennis Center','California','Pasadena',91199)
    ,(27,27,'9 Bartelt Trail','Virginia','Charlottesville',22903)
    ,(28,28,'592 Sunnyside Road','California','Inglewood',90398)
    ,(29,29,'64477 Aberg Road','Nevada','Reno',89510)
    ,(30,30,'5381 Westend Road','Florida','Tampa',33680)
    ,(31,31,'56 Weeping Birch Center','California','Sacramento',94286)
    ,(32,32,'88810 Duke Parkway','Utah','Ogden',84403)
    ,(33,33,'24 Porter Road','Florida','Miami',33147)
    ,(34,34,'44 Burning Wood Park','Texas','San Antonio',78285)
    ,(35,35,'55172 Hanover Trail','California','Burbank',91520)
    ,(36,36,'78 Corry Park','Florida','Miami',33111)
    ,(37,37,'3886 Old Shore Drive','Florida','Miami Beach',33141)
    ,(38,38,'45 Hazelcrest Terrace','Connecticut','New Haven',06538)
    ,(39,39,'932 Dawn Drive','Colorado','Denver',80209)
    ,(40,40,'2941 1st Hill','Florida','Tampa',33615)
    ,(41,41,'117 Fremont Park','Illinois','Chicago',60663)
    ,(42,42,'63079 Dexter Pass','Texas','Austin',78749)
    ,(43,43,'63466 Main Road','Florida','Fort Myers',33994)
    ,(44,44,'35 Vernon Street','Minnesota','Minneapolis',55441)
    ,(45,45,'6 Rusk Place','Alabama','Mobile',36610)
    ,(46,46,'20370 Surrey Avenue','California','San Diego',92153)
    ,(47,47,'5724 Pepper Wood Road','California','Sacramento',94250)
    ,(48,48,'519 Shopko Parkway','California','Santa Clara',95054)
    ,(49,49,'0746 Starling Trail','Ohio','Cleveland',44191)
    ,(50,50,'2720 Pine View Trail','Florida','Orlando',32885)
    ,(51,51,'42585 Novick Center','California','Oakland',94605)
    ,(52,52,'0 Shopko Circle','Ohio','Cleveland',44177)
    ,(53,53,'53380 Lien Pass','Tennessee','Memphis',38181)
    ,(54,54,'3 Oakridge Hill','District of Columbia','Washington',20409)
    ,(55,55,'300 Fallview Circle','Massachusetts','Worcester',01605)
    ,(56,56,'8 Cardinal Lane','New York','Rochester',14624)
    ,(57,57,'20800 Hoepker Crossing','Maryland','Gaithersburg',20883)
    ,(58,58,'58799 Golf View Junction','Texas','College Station',77844)
    ,(59,59,'11772 Homewood Drive','Tennessee','Murfreesboro',37131)
    ,(60,60,'77 5th Place','Maryland','Annapolis',21405)
    ,(61,61,'3 Memorial Trail','Arizona','Mesa',85210)
    ,(62,62,'1221 Sage Point','Illinois','Peoria',61629)
    ,(63,63,'78804 Coleman Circle','Texas','Dallas',75251)
    ,(64,64,'01 Dovetail Pass','North Carolina','Durham',27717)
    ,(65,65,'4701 Forest Run Parkway','Illinois','Chicago',60674)
    ,(66,66,'6 5th Way','Pennsylvania','Wilkes Barre',18763)
    ,(67,67,'361 Iowa Park','Connecticut','Hartford',06183)
    ,(68,68,'3310 Canary Hill','Pennsylvania','Erie',16565)
    ,(69,69,'3 Prairie Rose Junction','Arizona','Phoenix',85045)
    ,(70,70,'1 Acker Pass','California','Chico',95973)
    ,(71,71,'64 Fairfield Alley','Minnesota','Young America',55551)
    ,(72,72,'49 Banding Hill','California','San Bernardino',92424)
    ,(73,73,'70341 Forest Run Trail','New York','Buffalo',14269)
    ,(74,74,'6350 Mandrake Circle','South Carolina','Charleston',29403)
    ,(75,75,'4 Kedzie Street','New Jersey','Newark',07195)
    ,(76,76,'4555 Longview Lane','Colorado','Englewood',80150)
    ,(77,77,'90191 Tomscot Terrace','District of Columbia','Washington',20046)
    ,(78,78,'68 Bashford Trail','Missouri','Independence',64054)
    ,(79,79,'33 Elmside Way','Texas','Amarillo',79165)
    ,(80,80,'426 American Ash Road','Indiana','Evansville',47712)
    ,(81,81,'2 Fordem Hill','Arizona','Tucson',85748)
    ,(82,82,'72 Barby Court','Florida','Daytona Beach',32118)
    ,(83,83,'8 Carey Hill','Arizona','Phoenix',85072)
    ,(84,84,'566 Claremont Point','Pennsylvania','Philadelphia',19109)
    ,(85,85,'59 Myrtle Center','New York','Rochester',14683)
    ,(86,86,'39513 Buell Alley','Florida','Saint Petersburg',33731)
    ,(87,87,'2022 Helena Plaza','Tennessee','Chattanooga',37405)
    ,(88,88,'328 Sunfield Point','New York','Rochester',14639)
    ,(89,89,'1 Veith Terrace','Virginia','Fredericksburg',22405)
    ,(90,90,'4 Northview Street','Indiana','Jeffersonville',47134)
    ,(91,91,'6037 Mockingbird Trail','District of Columbia','Washington',20409)
    ,(92,92,'08642 1st Junction','Texas','El Paso',79945)
    ,(93,93,'9107 Hagan Street','Montana','Missoula',59806)
    ,(94,94,'450 American Ash Park','Louisiana','Monroe',71213)
    ,(95,95,'301 Blackbird Avenue','Michigan','Detroit',48275)
    ,(96,96,'2 Rusk Park','Nebraska','Omaha',68134)
    ,(97,97,'1670 Maryland Center','California','San Bernardino',92410)
    ,(98,98,'101 Commercial Point','Virginia','Newport News',23605)
    ,(99,99,'92864 Nevada Lane','Texas','Denton',76205)
    ,(100,100,'3 Tony Place','Florida','Ocala',34474)
    ,(101,1,'7 Warrior Junction','Pennsylvania','Philadelphia',19172)
    ,(102,2,'0527 Sycamore Crossing','Nebraska','Lincoln',68517)
    ,(103,3,'53580 Farragut Terrace','Connecticut','Hartford',06183)
    ,(104,4,'059 Continental Court','North Carolina','Raleigh',27658)
    ,(105,5,'706 Heffernan Terrace','Louisiana','Lake Charles',70616)
    ,(106,6,'39 Gulseth Lane','Kansas','Kansas City',66160)
    ,(107,7,'0 Summer Ridge Circle','Texas','Houston',77085)
    ,(108,8,'89 Becker Road','Illinois','Rockford',61110)
    ,(109,9,'21627 Elmside Terrace','Oregon','Salem',97306)
    ,(110,10,'5 Grasskamp Park','Louisiana','Lafayette',70593)
    ,(111,11,'1 Green Ridge Terrace','Kansas','Topeka',66611)
    ,(112,12,'210 Melvin Parkway','Kentucky','Lexington',40576)
    ,(113,13,'0 Waxwing Pass','Nevada','Las Vegas',89115)
    ,(114,14,'5 La Follette Drive','Texas','Austin',78732)
    ,(115,15,'602 Summit Way','Florida','Fort Lauderdale',33325)
    ,(116,16,'65 Stone Corner Avenue','Florida','Miami',33111)
    ,(117,17,'458 Hazelcrest Trail','Texas','Texarkana',75507)
    ,(118,18,'671 Sloan Junction','Utah','Salt Lake City',84110)
    ,(119,19,'131 Upham Park','Kentucky','Lexington',40596)
    ,(120,20,'5 Tennyson Street','Pennsylvania','Philadelphia',19178);

-- Screening
INSERT INTO Screening(screening_id,driver_id,valid_gov_id,convicted_felon,above_18,SSN) VALUES
    (1,1,FALSE,TRUE,TRUE,9909)
    ,(2,2,TRUE,TRUE,FALSE,1069)
    ,(3,3,TRUE,TRUE,TRUE,1139)
    ,(4,4,TRUE,FALSE,TRUE,5445)
    ,(5,5,TRUE,FALSE,TRUE,3960)
    ,(6,6,FALSE,FALSE,FALSE,1589)
    ,(7,7,TRUE,FALSE,FALSE,6886)
    ,(8,8,TRUE,FALSE,FALSE,5921)
    ,(9,9,TRUE,FALSE,TRUE,2062)
    ,(10,10,TRUE,FALSE,TRUE,4528)
    ,(11,11,FALSE,FALSE,TRUE,5167)
    ,(12,12,TRUE,TRUE,TRUE,8308)
    ,(13,13,FALSE,TRUE,FALSE,3780)
    ,(14,14,FALSE,TRUE,FALSE,3241)
    ,(15,15,TRUE,FALSE,FALSE,8199)
    ,(16,16,TRUE,FALSE,TRUE,3089)
    ,(17,17,TRUE,FALSE,FALSE,2277)
    ,(18,18,FALSE,TRUE,TRUE,7604)
    ,(19,19,FALSE,FALSE,TRUE,6254)
    ,(20,20,TRUE,TRUE,TRUE,7655);


-- Common Allergens
INSERT INTO Common_Allergens(restaurant_id,menu_item_id, allergen) VALUES
    (1,9,'Peach - Fresh')
    ,(20,5,'Veal - Chops, Split, Frenched')
    ,(6,1,'Compound - Rum')
    ,(6,19,'Mace Ground')
    ,(11,13,'Lettuce - Iceberg')
    ,(11,41,'Nantucket - Pomegranate Pear')
    ,(11,71,'Shiratamako - Rice Flour')
    ,(18,59,'Glaze - Apricot')
    ,(2,8,'Puree - Pear')
    ,(2,18,'Nut - Chestnuts, Whole')
    ,(5,21,'Juice - Clam, 46 Oz')
    ,(5,79,'Bread - Dark Rye, Loaf')
    ,(7,7,'Black Currants')
    ,(7,124,'Seedlings - Buckwheat, Organic')
    ,(17,3,'Creme De Cacao White')
    ,(17,14,'Wine - Bourgogne 2002, La')
    ,(19,109,'Shrimp - 16/20, Peeled Deviened')
    ,(19,133,'Gatorade - Xfactor Berry')
    ,(8,56,'Cheese - Taleggio D.o.p.')
    ,(10,152,'Sauce - Salsa');

-- Menu Item Order
INSERT INTO MenuItem_Order(restaurant_id,menu_item_id,customer_id,driver_id,order_id) VALUES
     (1,9,47,16,4)
    ,(1,9,70,5,26)
    ,(1,9,20,5,56)
    ,(1,9,95,12,64)
    ,(1,9,12,16,90)
    ,(1,9,9,20,105)
    ,(1,9,30,18,135)
    ,(1,9,100,7,139)
    ,(1,9,35,9,183)
    ,(1,9,93,2,209)
    ,(1,9,20,1,211)
    ,(1,9,72,4,240)
    ,(1,9,30,13,242)
    ,(1,9,7,2,283)
    ,(1,9,71,7,286)
    ,(2,18,65,14,7)
    ,(2,18,59,8,23)
    ,(2,18,80,16,33)
    ,(2,18,30,13,58)
    ,(2,18,35,19,89)
    ,(2,18,52,15,103)
    ,(2,18,45,19,111)
    ,(2,18,24,12,125)
    ,(2,18,14,4,153)
    ,(2,18,45,18,169)
    ,(2,18,6,8,189)
    ,(2,18,38,16,204)
    ,(2,18,88,19,225)
    ,(2,18,58,9,231)
    ,(2,18,67,20,254)
    ,(2,18,37,1,262)
    ,(3,17,100,3,8)
    ,(3,17,62,4,21)
    ,(3,17,65,11,40)
    ,(3,17,7,2,59)
    ,(3,17,86,5,69)
    ,(3,17,10,12,87)
    ,(3,17,77,1,95)
    ,(3,17,92,8,114)
    ,(3,17,92,7,128)
    ,(3,17,69,2,147)
    ,(3,17,72,3,151)
    ,(3,17,6,20,178)
    ,(3,17,26,15,188)
    ,(3,17,22,16,216)
    ,(3,17,28,17,249)
    ,(3,17,20,15,280)
    ,(3,17,39,10,300)
    ,(4,28,72,1,17)
    ,(4,28,15,17,50)
    ,(4,28,62,6,66)
    ,(4,28,89,14,93)
    ,(4,28,87,13,106)
    ,(4,28,100,16,130)
    ,(4,28,82,6,138)
    ,(4,28,48,14,158)
    ,(4,28,30,17,166)
    ,(4,28,7,7,195)
    ,(4,28,82,12,223)
    ,(4,28,35,16,229)
    ,(4,28,20,14,241)
    ,(4,28,89,14,270)
    ,(4,28,1,12,275)
    ,(4,28,97,11,291)
    ,(5,64,97,17,5)
    ,(5,64,14,20,29)
    ,(5,64,11,14,31)
    ,(5,64,73,11,51)
    ,(5,64,54,11,70)
    ,(5,64,62,2,97)
    ,(5,64,66,11,115)
    ,(5,64,57,4,126)
    ,(5,64,92,13,175)
    ,(5,64,61,6,192)
    ,(5,64,6,17,198)
    ,(5,64,19,15,222)
    ,(5,64,38,5,236)
    ,(5,64,49,8,266)
    ,(6,1,76,4,13)
    ,(6,1,94,2,25)
    ,(6,1,87,17,43)
    ,(6,1,4,16,54)
    ,(6,1,62,2,76)
    ,(6,1,17,20,119)
    ,(6,1,75,8,154)
    ,(6,1,58,3,174)
    ,(6,1,79,3,194)
    ,(6,1,21,5,205)
    ,(6,1,18,18,239)
    ,(6,1,28,8,289)
    ,(7,7,94,7,15)
    ,(7,7,57,6,30)
    ,(7,7,85,1,38)
    ,(7,7,58,3,57)
    ,(7,7,27,14,67)
    ,(7,7,68,3,110)
    ,(7,7,32,19,140)
    ,(7,7,45,9,165)
    ,(7,7,1,9,171)
    ,(7,7,42,17,185)
    ,(7,7,39,14,224)
    ,(7,7,21,8,227)
    ,(7,7,77,5,247)
    ,(7,7,94,4,264)
    ,(7,7,3,6,290)
    ,(8,4,63,14,18)
    ,(8,4,81,13,34)
    ,(8,4,80,19,49)
    ,(8,4,88,7,62)
    ,(8,4,87,6,92)
    ,(8,4,3,14,118)
    ,(8,4,93,17,121)
    ,(8,4,3,2,159)
    ,(8,4,22,8,177)
    ,(8,4,25,19,187)
    ,(8,4,96,20,210)
    ,(8,4,11,4,255)
    ,(8,4,79,2,269)
    ,(8,4,92,1,276)
    ,(8,4,76,14,288)
    ,(9,16,61,19,10)
    ,(9,16,32,10,16)
    ,(9,16,69,6,37)
    ,(9,16,72,14,48)
    ,(9,16,36,8,75)
    ,(9,16,27,11,85)
    ,(9,16,72,12,112)
    ,(9,16,51,1,131)
    ,(9,16,55,3,150)
    ,(9,16,42,18,161)
    ,(9,16,86,4,180)
    ,(9,16,65,12,228)
    ,(9,16,58,19,263)
    ,(9,16,77,18,295)
    ,(10,10,12,5,11)
    ,(10,10,51,17,22)
    ,(10,10,90,10,73)
    ,(10,10,64,8,77)
    ,(10,10,27,19,98)
    ,(10,10,95,5,129)
    ,(10,10,87,12,143)
    ,(10,10,23,5,176)
    ,(10,10,84,12,199)
    ,(10,10,54,4,215)
    ,(10,10,25,16,252)
    ,(10,10,11,11,267)
    ,(10,10,49,19,285)
    ,(10,10,91,9,296)
    ,(11,13,87,9,28)
    ,(11,13,56,4,41)
    ,(11,13,48,15,53)
    ,(11,13,1,8,127)
    ,(11,13,67,15,146)
    ,(11,13,35,20,164)
    ,(11,13,57,14,170)
    ,(11,13,10,11,200)
    ,(11,13,13,5,220)
    ,(11,13,52,18,257)
    ,(11,13,50,18,282)
    ,(12,42,95,12,36)
    ,(12,42,50,4,52)
    ,(12,42,89,2,65)
    ,(12,42,95,18,80)
    ,(12,42,4,16,101)
    ,(12,42,69,4,120)
    ,(12,42,90,13,132)
    ,(12,42,74,11,144)
    ,(12,42,30,7,163)
    ,(12,42,24,16,167)
    ,(12,42,45,5,181)
    ,(12,42,50,1,202)
    ,(12,42,11,15,238)
    ,(12,42,87,12,253)
    ,(12,42,50,6,260)
    ,(12,42,82,14,279)
    ,(12,42,82,17,299)
    ,(13,106,17,13,12)
    ,(13,106,96,15,74)
    ,(13,106,99,14,79)
    ,(13,106,78,5,102)
    ,(13,106,95,10,109)
    ,(13,106,6,2,134)
    ,(13,106,34,11,184)
    ,(13,106,25,8,197)
    ,(13,106,55,6,218)
    ,(13,106,97,2,234)
    ,(13,106,83,19,250)
    ,(13,106,44,5,278)
    ,(13,106,83,12,297)
    ,(14,24,45,6,1)
    ,(14,24,22,19,42)
    ,(14,24,12,9,47)
    ,(14,24,40,18,68)
    ,(14,24,24,3,84)
    ,(14,24,97,13,91)
    ,(14,24,28,18,108)
    ,(14,24,19,4,137)
    ,(14,24,1,6,160)
    ,(14,24,10,10,173)
    ,(14,24,21,16,190)
    ,(14,24,44,3,219)
    ,(14,24,76,14,226)
    ,(14,24,18,10,243)
    ,(14,24,90,5,268)
    ,(14,24,33,10,273)
    ,(14,24,96,3,294)
    ,(15,31,86,1,9)
    ,(15,31,60,18,20)
    ,(15,31,33,10,44)
    ,(15,31,6,5,83)
    ,(15,31,34,3,94)
    ,(15,31,48,5,117)
    ,(15,31,43,15,123)
    ,(15,31,70,13,145)
    ,(15,31,68,16,162)
    ,(15,31,31,2,182)
    ,(15,31,4,15,207)
    ,(15,31,61,9,212)
    ,(15,31,57,8,245)
    ,(15,31,87,8,277)
    ,(15,31,29,1,293)
    ,(16,163,54,11,14)
    ,(16,163,40,19,27)
    ,(16,163,69,1,46)
    ,(16,163,19,17,61)
    ,(16,163,50,10,78)
    ,(16,163,22,8,104)
    ,(16,163,89,16,116)
    ,(16,163,16,9,124)
    ,(16,163,13,5,136)
    ,(16,163,73,13,156)
    ,(16,163,23,6,196)
    ,(16,163,59,11,214)
    ,(16,163,61,1,235)
    ,(16,163,39,1,248)
    ,(16,163,68,16,256)
    ,(16,163,93,4,281)
    ,(16,163,45,16,287)
    ,(17,75,62,10,2)
    ,(17,75,33,12,24)
    ,(17,75,30,20,39)
    ,(17,75,9,7,60)
    ,(17,75,40,13,82)
    ,(17,75,85,4,99)
    ,(17,75,44,11,133)
    ,(17,75,86,20,142)
    ,(17,75,17,5,155)
    ,(17,75,70,2,168)
    ,(17,75,28,18,193)
    ,(17,75,94,9,203)
    ,(17,75,49,18,221)
    ,(17,75,93,11,233)
    ,(17,75,71,3,259)
    ,(17,75,56,6,274)
    ,(18,59,62,18,35)
    ,(18,59,61,19,72)
    ,(18,59,74,7,81)
    ,(18,59,7,18,96)
    ,(18,59,12,17,149)
    ,(18,59,41,19,152)
    ,(18,59,42,1,179)
    ,(18,59,48,14,186)
    ,(18,59,1,19,206)
    ,(18,59,26,13,217)
    ,(18,59,10,20,232)
    ,(18,59,100,3,251)
    ,(18,59,27,20,258)
    ,(18,59,18,7,271)
    ,(18,59,55,20,292)
    ,(19,46,32,2,3)
    ,(19,46,85,15,19)
    ,(19,46,76,3,45)
    ,(19,46,78,10,55)
    ,(19,46,59,16,63)
    ,(19,46,51,1,88)
    ,(19,46,35,15,107)
    ,(19,46,66,20,122)
    ,(19,46,75,9,141)
    ,(19,46,77,14,208)
    ,(19,46,34,7,213)
    ,(19,46,41,10,237)
    ,(19,46,90,9,244)
    ,(19,46,40,9,261)
    ,(19,46,26,17,284)
    ,(19,46,87,15,298)
    ,(20,5,4,9,6)
    ,(20,5,23,15,32)
    ,(20,5,57,9,71)
    ,(20,5,11,4,86)
    ,(20,5,32,10,100)
    ,(20,5,6,17,113)
    ,(20,5,49,16,148)
    ,(20,5,10,11,157)
    ,(20,5,78,6,172)
    ,(20,5,65,4,191)
    ,(20,5,91,3,201)
    ,(20,5,63,19,230)
    ,(20,5,71,2,246)
    ,(20,5,46,10,265)
    ,(20,5,36,11,272);






